,GDP,CPI,Growth,Inflation,Theme
1958-01-01,-2.8714282899375165,2.807017543859658,low,high,Stagflation
1958-02-01,-2.8714282899375165,2.7972027972027913,low,high,Stagflation
1958-03-01,-2.8714282899375165,2.7874564459930307,low,high,Stagflation
1958-04-01,-2.0184094850250967,2.430555555555558,low,high,Stagflation
1958-05-01,-2.0184094850250967,2.430555555555558,low,high,Stagflation
1958-06-01,-2.0184094850250967,2.422145328719738,low,high,Stagflation
1958-07-01,-0.7247978855669746,2.0689655172413834,low,high,Stagflation
1958-08-01,-0.7247978855669746,2.0689655172413834,low,high,Stagflation
1958-09-01,-0.7247978855669746,2.0618556701030855,low,high,Stagflation
1958-10-01,2.658137334527888,1.7123287671232834,high,low,Recovery
1958-11-01,2.658137334527888,1.7064846416382284,high,low,Recovery
1958-12-01,2.658137334527888,2.0477815699658564,high,high,Overheat
1959-01-01,7.416649216495941,2.0477815699658564,high,high,Overheat
1959-02-01,7.416649216495941,1.7006802721088343,high,low,Recovery
1959-03-01,7.416649216495941,1.6949152542372836,high,low,Recovery
1959-04-01,9.12189847970637,1.6949152542372836,high,low,Recovery
1959-05-01,9.12189847970637,2.033898305084758,high,high,Overheat
1959-06-01,9.12189847970637,2.0270270270270174,high,high,Overheat
1959-07-01,6.729998744621235,2.0270270270270174,high,high,Overheat
1959-08-01,6.729998744621235,2.0270270270270174,high,high,Overheat
1959-09-01,6.729998744621235,2.020202020202033,high,high,Overheat
1959-10-01,4.588663294771744,2.3569023569023573,high,high,Overheat
1959-11-01,4.588663294771744,2.0134228187919323,high,high,Overheat
1959-12-01,4.588663294771744,2.006688963210701,high,high,Overheat
1960-01-01,4.925418808967286,2.006688963210701,high,high,Overheat
1960-02-01,4.925418808967286,2.34113712374584,high,high,Overheat
1960-03-01,4.925418808967286,2.0000000000000018,high,high,Overheat
1960-04-01,2.058208211858825,2.0000000000000018,low,high,Stagflation
1960-05-01,2.058208211858825,1.661129568106312,low,low,Reflection
1960-06-01,2.058208211858825,1.655629139072845,low,low,Reflection
1960-07-01,2.4853887607873437,1.324503311258285,low,low,Reflection
1960-08-01,2.4853887607873437,1.324503311258285,low,low,Reflection
1960-09-01,2.4853887607873437,0.990099009900991,low,low,Reflection
1960-10-01,0.8826841433780652,1.3157894736842257,low,low,Reflection
1960-11-01,0.8826841433780652,1.3157894736842257,low,low,Reflection
1960-12-01,0.8826841433780652,0.6557377049180246,low,low,Reflection
1961-01-01,-0.6691282418001765,0.9836065573770592,low,low,Reflection
1961-02-01,-0.6691282418001765,0.6535947712418277,low,low,Reflection
1961-03-01,-0.6691282418001765,0.9803921568627416,low,low,Reflection
1961-04-01,1.5644549360356752,0.9803921568627416,low,low,Reflection
1961-05-01,1.5644549360356752,0.9803921568627416,low,low,Reflection
1961-06-01,1.5644549360356752,0.9771986970684043,low,low,Reflection
1961-07-01,3.0099205374140903,1.3071895424836555,high,low,Recovery
1961-08-01,3.0099205374140903,1.6339869281045694,high,low,Recovery
1961-09-01,3.0099205374140903,1.6339869281045694,high,low,Recovery
1961-10-01,6.395529866698091,0.9740259740259827,high,low,Recovery
1961-11-01,6.395529866698091,1.298701298701288,high,low,Recovery
1961-12-01,6.395529866698091,1.6286644951140072,high,low,Recovery
1962-01-01,7.567276039846238,1.298701298701288,high,low,Recovery
1962-02-01,7.567276039846238,1.298701298701288,high,low,Recovery
1962-03-01,7.567276039846238,1.2944983818770295,high,low,Recovery
1962-04-01,6.727690210834147,1.2944983818770295,high,low,Recovery
1962-05-01,6.727690210834147,1.6181229773462702,high,low,Recovery
1962-06-01,6.727690210834147,1.2903225806451646,high,low,Recovery
1962-07-01,6.004014529110657,1.2903225806451646,high,low,Recovery
1962-08-01,6.004014529110657,1.2861736334405016,high,low,Recovery
1962-09-01,6.004014529110657,1.2861736334405016,high,low,Recovery
1962-10-01,4.307098907154017,1.2861736334405016,high,low,Recovery
1962-11-01,4.307098907154017,0.9615384615384581,high,low,Recovery
1962-12-01,4.307098907154017,1.2820512820512997,high,low,Recovery
1963-01-01,3.597866315202203,0.9615384615384581,high,low,Recovery
1963-02-01,3.597866315202203,1.2820512820512997,high,low,Recovery
1963-03-01,3.597866315202203,1.2779552715654896,high,low,Recovery
1963-04-01,3.8221569253868326,1.2779552715654896,high,low,Recovery
1963-05-01,3.8221569253868326,0.9554140127388644,high,low,Recovery
1963-06-01,3.8221569253868326,1.273885350318471,high,low,Recovery
1963-07-01,4.8169293462613005,1.273885350318471,high,low,Recovery
1963-08-01,4.8169293462613005,1.2698412698412653,high,low,Recovery
1963-09-01,4.8169293462613005,1.2698412698412653,high,low,Recovery
1963-10-01,5.158244565253733,1.5873015873015817,high,low,Recovery
1963-11-01,5.158244565253733,1.5873015873015817,high,low,Recovery
1963-12-01,5.158244565253733,1.5822784810126667,high,low,Recovery
1964-01-01,6.215820826578566,2.2222222222222365,high,high,Overheat
1964-02-01,6.215820826578566,1.8987341772152,high,low,Recovery
1964-03-01,6.215820826578566,1.5772870662460692,high,low,Recovery
1964-04-01,6.1807512632801265,1.5772870662460692,high,low,Recovery
1964-05-01,6.1807512632801265,1.5772870662460692,high,low,Recovery
1964-06-01,6.1807512632801265,1.5723270440251458,high,low,Recovery
1964-07-01,5.519829553500677,1.5723270440251458,high,low,Recovery
1964-08-01,5.519829553500677,1.2539184952978122,high,low,Recovery
1964-09-01,5.519829553500677,1.2539184952978122,high,low,Recovery
1964-10-01,5.156343064502122,1.2499999999999956,high,low,Recovery
1964-11-01,5.156343064502122,1.5625,high,low,Recovery
1964-12-01,5.156343064502122,1.2461059190031154,high,low,Recovery
1965-01-01,5.477141600509627,1.2422360248447228,high,low,Recovery
1965-02-01,5.477141600509627,1.2422360248447228,high,low,Recovery
1965-03-01,5.477141600509627,1.2422360248447228,high,low,Recovery
1965-04-01,5.659284258686226,1.552795031055898,high,low,Recovery
1965-05-01,5.659284258686226,1.552795031055898,high,low,Recovery
1965-06-01,5.659284258686226,1.2383900928792713,high,low,Recovery
1965-07-01,6.346898404385315,1.2383900928792713,high,low,Recovery
1965-08-01,6.346898404385315,1.2383900928792713,high,low,Recovery
1965-09-01,6.346898404385315,1.5479876160990669,high,low,Recovery
1965-10-01,8.462164873800603,1.2345679012345734,high,low,Recovery
1965-11-01,8.462164873800603,1.2307692307692353,high,low,Recovery
1965-12-01,8.462164873800603,1.538461538461533,high,low,Recovery
1966-01-01,8.477495839396386,1.2269938650306678,high,low,Recovery
1966-02-01,8.477495839396386,1.5337423312883347,high,low,Recovery
1966-03-01,8.477495839396386,1.5337423312883347,high,low,Recovery
1966-04-01,7.490136086896215,1.83486238532109,high,low,Recovery
1966-05-01,7.490136086896215,2.1406727828745975,high,high,Overheat
1966-06-01,7.490136086896215,2.4464831804281273,high,high,Overheat
1966-07-01,6.042874844751922,2.752293577981657,high,high,Overheat
1966-08-01,6.042874844751922,3.0581039755351647,high,high,Overheat
1966-09-01,6.042874844751922,3.0487804878048808,high,high,Overheat
1966-10-01,4.5050201743152,3.658536585365857,high,high,Overheat
1966-11-01,4.5050201743152,3.3434650455927084,high,high,Overheat
1966-12-01,4.5050201743152,3.3333333333333437,high,high,Overheat
1967-01-01,2.925036251127655,3.6363636363636376,high,high,Overheat
1967-02-01,2.925036251127655,3.3232628398791597,high,high,Overheat
1967-03-01,2.925036251127655,3.6253776435045237,high,high,Overheat
1967-04-01,2.6375152811079605,3.3033033033033066,high,high,Overheat
1967-05-01,2.6375152811079605,3.293413173652704,high,high,Overheat
1967-06-01,2.6375152811079605,3.2835820895522394,high,high,Overheat
1967-07-01,2.7384927969255513,3.2738095238095344,high,high,Overheat
1967-08-01,2.7384927969255513,3.5608308605341144,high,high,Overheat
1967-09-01,2.7384927969255513,3.550295857988184,high,high,Overheat
1967-10-01,2.670839761173327,3.2352941176470695,high,high,Overheat
1967-11-01,2.670839761173327,3.529411764705892,high,high,Overheat
1967-12-01,2.670839761173327,3.8123167155425186,high,high,Overheat
1968-01-01,3.8452148706466405,3.801169590643272,high,high,Overheat
1968-02-01,3.8452148706466405,4.385964912280693,high,high,Overheat
1968-03-01,3.8452148706466405,4.37317784256559,high,high,Overheat
1968-04-01,5.515581510058842,4.3604651162790775,high,high,Overheat
1968-05-01,5.515581510058842,4.347826086956519,high,high,Overheat
1968-06-01,5.515581510058842,4.6242774566473965,high,high,Overheat
1968-07-01,5.3366682329002435,4.899135446685876,high,high,Overheat
1968-08-01,5.3366682329002435,4.5845272206303855,high,high,Overheat
1968-09-01,5.3366682329002435,4.857142857142871,high,high,Overheat
1968-10-01,4.95956536009694,5.12820512820511,high,high,Overheat
1968-11-01,4.95956536009694,5.397727272727271,high,high,Overheat
1968-12-01,4.95956536009694,5.084745762711873,high,high,Overheat
1969-01-01,4.471598105076313,5.070422535211261,high,high,Overheat
1969-02-01,4.471598105076313,5.3221288515406195,high,high,Overheat
1969-03-01,4.471598105076313,5.586592178770955,high,high,Overheat
1969-04-01,3.0671415376152256,6.1281337047353945,high,high,Overheat
1969-05-01,3.0671415376152256,5.833333333333335,high,high,Overheat
1969-06-01,3.0671415376152256,5.80110497237567,high,high,Overheat
1969-07-01,2.9500970408946836,5.769230769230771,high,high,Overheat
1969-08-01,2.9500970408946836,6.02739726027397,high,high,Overheat
1969-09-01,2.9500970408946836,5.9945504087193235,high,high,Overheat
1969-10-01,2.046645083371401,5.962059620596216,low,high,Stagflation
1969-11-01,2.046645083371401,5.660377358490565,low,high,Stagflation
1969-12-01,2.046645083371401,5.913978494623651,low,high,Stagflation
1970-01-01,0.32493460282385644,6.166219839142095,low,high,Stagflation
1970-02-01,0.32493460282385644,5.8510638297872175,low,high,Stagflation
1970-03-01,0.32493460282385644,6.084656084656093,low,high,Stagflation
1970-04-01,0.16283545074764483,6.036745406824129,low,high,Stagflation
1970-05-01,0.16283545074764483,6.299212598425186,low,high,Stagflation
1970-06-01,0.16283545074764483,6.5274151436031325,low,high,Stagflation
1970-07-01,0.42258147637592725,6.233766233766236,low,high,Stagflation
1970-08-01,0.42258147637592725,6.201550387596888,low,high,Stagflation
1970-09-01,0.42258147637592725,6.169665809768632,low,high,Stagflation
1970-10-01,-0.16670359062596063,6.13810741687979,low,high,Stagflation
1970-11-01,-0.16670359062596063,6.632653061224469,low,high,Stagflation
1970-12-01,-0.16670359062596063,6.598984771573613,low,high,Stagflation
1971-01-01,2.697236849004181,6.313131313131315,high,high,Overheat
1971-02-01,2.697236849004181,6.030150753768848,high,high,Overheat
1971-03-01,2.697236849004181,5.2369077306733125,high,high,Overheat
1971-04-01,3.106613002019487,4.950495049504955,high,high,Overheat
1971-05-01,3.106613002019487,5.185185185185182,high,high,Overheat
1971-06-01,3.106613002019487,4.90196078431373,high,high,Overheat
1971-07-01,3.0058948108077965,4.88997555012225,high,high,Overheat
1971-08-01,3.0058948108077965,4.622871046228716,high,high,Overheat
1971-09-01,3.0058948108077965,4.1162227602905554,high,high,Overheat
1971-10-01,4.367204800624913,3.855421686746996,high,high,Overheat
1971-11-01,4.367204800624913,3.349282296650724,high,high,Overheat
1971-12-01,4.367204800624913,3.0952380952380842,high,high,Overheat
1972-01-01,3.4760721277919515,3.325415676959609,high,high,Overheat
1972-02-01,3.4760721277919515,3.3175355450236976,high,high,Overheat
1972-03-01,3.4760721277919515,3.3175355450236976,high,high,Overheat
1972-04-01,5.255186457186989,3.301886792452824,high,high,Overheat
1972-05-01,5.255186457186989,3.0516431924882514,high,high,Overheat
1972-06-01,5.255186457186989,2.8037383177570208,high,high,Overheat
1972-07-01,5.381938705147116,2.7972027972028135,high,high,Overheat
1972-08-01,5.381938705147116,3.023255813953485,high,high,Overheat
1972-09-01,5.381938705147116,3.023255813953485,high,high,Overheat
1972-10-01,6.894475887017837,3.0162412993039345,high,high,Overheat
1972-11-01,6.894475887017837,2.777777777777768,high,high,Overheat
1972-12-01,6.894475887017837,3.002309468822184,high,high,Overheat
1973-01-01,7.561888291797603,2.5287356321839205,high,high,Overheat
1973-02-01,7.561888291797603,2.752293577981635,high,high,Overheat
1973-03-01,7.561888291797603,3.2110091743119185,high,high,Overheat
1973-04-01,6.319660015814521,2.9680365296803846,high,high,Overheat
1973-05-01,6.319660015814521,3.1890660592255093,high,high,Overheat
1973-06-01,6.319660015814521,3.1818181818181746,high,high,Overheat
1973-07-01,4.771087307609423,3.1746031746031633,high,high,Overheat
1973-08-01,4.771087307609423,3.1602708803611934,high,high,Overheat
1973-09-01,4.771087307609423,3.8374717832957206,high,high,Overheat
1973-10-01,4.023756398906242,4.279279279279269,high,high,Overheat
1973-11-01,4.023756398906242,4.729729729729737,high,high,Overheat
1973-12-01,4.023756398906242,4.7085201793722,high,high,Overheat
1974-01-01,0.638773877199994,5.156950672645744,low,high,Stagflation
1974-02-01,0.638773877199994,5.35714285714286,low,high,Stagflation
1974-03-01,0.638773877199994,5.777777777777771,low,high,Stagflation
1974-04-01,-0.2084181959456921,6.208425720620836,low,high,Stagflation
1974-05-01,-0.2084181959456921,7.064017660044164,low,high,Stagflation
1974-06-01,-0.2084181959456921,7.929515418502198,low,high,Stagflation
1974-07-01,-0.6290004928019011,8.791208791208781,low,high,Stagflation
1974-08-01,-0.6290004928019011,9.84682713347922,low,high,Stagflation
1974-09-01,-0.6290004928019011,10.217391304347823,low,high,Stagflation
1974-10-01,-1.945449393820109,10.583153347732189,low,high,Stagflation
1974-11-01,-1.945449393820109,10.967741935483865,low,high,Stagflation
1974-12-01,-1.945449393820109,11.34903640256959,low,high,Stagflation
1975-01-01,-2.2990475952479605,11.513859275053306,low,high,Stagflation
1975-02-01,-2.2990475952479605,11.864406779661007,low,high,Stagflation
1975-03-01,-2.2990475952479605,11.344537815126055,low,high,Stagflation
1975-04-01,-1.834262400105069,11.27348643006263,low,high,Stagflation
1975-05-01,-1.834262400105069,10.309278350515472,low,high,Stagflation
1975-06-01,-1.834262400105069,9.795918367346923,low,high,Stagflation
1975-07-01,0.7986848693509963,9.090909090909083,low,high,Stagflation
1975-08-01,0.7986848693509963,7.968127490039834,low,high,Stagflation
1975-09-01,0.7986848693509963,7.495069033530566,low,high,Stagflation
1975-10-01,2.554017472206138,7.031249999999978,high,high,Overheat
1975-11-01,2.554017472206138,6.976744186046524,high,high,Overheat
1975-12-01,2.554017472206138,6.730769230769229,high,high,Overheat
1976-01-01,6.152389361625854,6.883365200764824,high,high,Overheat
1976-02-01,6.152389361625854,6.439393939393945,high,high,Overheat
1976-03-01,6.152389361625854,6.60377358490567,high,high,Overheat
1976-04-01,6.172588458452677,6.378986866791747,high,high,Overheat
1976-05-01,6.172588458452677,6.542056074766345,high,high,Overheat
1976-06-01,6.172588458452677,6.3197026022304925,high,high,Overheat
1976-07-01,4.958636996409571,6.666666666666665,high,high,Overheat
1976-08-01,4.958636996409571,6.826568265682642,high,high,Overheat
1976-09-01,4.958636996409571,6.788990825688068,high,high,Overheat
1976-10-01,4.314806637790358,6.751824817518259,high,high,Overheat
1976-11-01,4.314806637790358,6.340579710144922,high,high,Overheat
1976-12-01,4.314806637790358,6.12612612612613,high,high,Overheat
1977-01-01,3.2259646417374555,6.082289803220031,high,high,Overheat
1977-02-01,3.2259646417374555,6.227758007117434,high,high,Overheat
1977-03-01,3.2259646417374555,6.194690265486735,high,high,Overheat
1977-04-01,4.466324097555541,6.349206349206349,high,high,Overheat
1977-05-01,4.466324097555541,6.315789473684208,high,high,Overheat
1977-06-01,4.466324097555541,6.643356643356646,high,high,Overheat
1977-07-01,5.770897368090844,6.25,high,high,Overheat
1977-08-01,5.770897368090844,6.217616580310881,high,high,Overheat
1977-09-01,5.770897368090844,6.185567010309279,high,high,Overheat
1977-10-01,5.012028562513593,5.982905982905984,high,high,Overheat
1977-11-01,5.012028562513593,6.132879045996575,high,high,Overheat
1977-12-01,5.012028562513593,6.451612903225823,high,high,Overheat
1978-01-01,4.117062342367928,6.408094435075884,high,high,Overheat
1978-02-01,4.117062342367928,6.1976549413735205,high,high,Overheat
1978-03-01,4.117062342367928,6.333333333333324,high,high,Overheat
1978-04-01,6.078147798838995,6.633499170812596,high,high,Overheat
1978-05-01,6.078147798838995,6.765676567656764,high,high,Overheat
1978-06-01,6.078147798838995,6.8852459016393475,high,high,Overheat
1978-07-01,5.245773421932065,7.189542483660127,high,high,Overheat
1978-08-01,5.245773421932065,7.479674796747959,high,high,Overheat
1978-09-01,5.245773421932065,7.928802588996775,high,high,Overheat
1978-10-01,6.65809588265005,8.387096774193559,high,high,Overheat
1978-11-01,6.65809588265005,8.50722311396468,high,high,Overheat
1978-12-01,6.65809588265005,8.452950558213711,high,high,Overheat
1979-01-01,6.509913089167929,8.557844690966721,high,high,Overheat
1979-02-01,6.509913089167929,9.14826498422714,high,high,Overheat
1979-03-01,6.509913089167929,9.404388714733546,high,high,Overheat
1979-04-01,2.656855062737473,9.331259720062214,high,high,Overheat
1979-05-01,2.656855062737473,9.428129829984533,high,high,Overheat
1979-06-01,2.656855062737473,9.355828220858896,high,high,Overheat
1979-07-01,2.389915412970889,9.60365853658538,low,high,Stagflation
1979-08-01,2.389915412970889,9.984871406959162,low,high,Stagflation
1979-09-01,2.389915412970889,9.8950524737631,low,high,Stagflation
1979-10-01,1.284557672337483,10.119047619047606,low,high,Stagflation
1979-11-01,1.284557672337483,10.650887573964507,low,high,Stagflation
1979-12-01,1.284557672337483,11.32352941176471,low,high,Stagflation
1980-01-01,1.4207752658691453,11.970802919708024,low,high,Stagflation
1980-02-01,1.4207752658691453,11.994219653179194,low,high,Stagflation
1980-03-01,1.4207752658691453,12.60744985673352,low,high,Stagflation
1980-04-01,-0.7750627129578969,13.086770981507833,low,high,Stagflation
1980-05-01,-0.7750627129578969,13.13559322033897,low,high,Stagflation
1980-06-01,-0.7750627129578969,13.604488078541376,low,high,Stagflation
1980-07-01,-1.6237974306972824,12.37830319888733,low,high,Stagflation
1980-08-01,-1.6237974306972824,11.82943603851443,low,high,Stagflation
1980-09-01,-1.6237974306972824,12.005457025920862,low,high,Stagflation
1980-10-01,-0.039131615354248694,12.162162162162172,low,high,Stagflation
1980-11-01,-0.039131615354248694,12.165775401069535,low,high,Stagflation
1980-12-01,-0.039131615354248694,12.153236459709383,low,high,Stagflation
1981-01-01,1.5999797720674502,11.342894393741854,low,high,Stagflation
1981-02-01,1.5999797720674502,10.838709677419356,low,high,Stagflation
1981-03-01,1.5999797720674502,9.92366412213741,low,high,Stagflation
1981-04-01,2.9687007073224025,9.433962264150942,high,high,Overheat
1981-05-01,2.9687007073224025,9.612983770287142,high,high,Overheat
1981-06-01,2.9687007073224025,9.3827160493827,high,high,Overheat
1981-07-01,4.325765021256278,11.138613861386148,high,high,Overheat
1981-08-01,4.325765021256278,11.56211562115621,high,high,Overheat
1981-09-01,4.325765021256278,11.814859926918398,high,high,Overheat
1981-10-01,1.2999011572913277,10.963855421686741,low,high,Stagflation
1981-11-01,1.2999011572913277,10.250297973778299,low,high,Stagflation
1981-12-01,1.2999011572913277,9.540636042402827,low,high,Stagflation
1982-01-01,-2.1903489824850575,9.250585480093676,low,high,Stagflation
1982-02-01,-2.1903489824850575,9.196740395809066,low,high,Stagflation
1982-03-01,-2.1903489824850575,8.680555555555557,low,high,Stagflation
1982-04-01,-1.010568146574331,8.850574712643677,low,high,Stagflation
1982-05-01,-1.010568146574331,8.656036446469262,low,high,Stagflation
1982-06-01,-1.010568146574331,8.465011286681712,low,high,Stagflation
1982-07-01,-2.555921432805419,7.683741648106901,low,high,Stagflation
1982-08-01,-2.555921432805419,7.056229327453134,low,high,Stagflation
1982-09-01,-2.555921432805419,5.882352941176472,low,high,Stagflation
1982-10-01,-1.4431561787404457,5.863192182410426,low,high,Stagflation
1982-11-01,-1.4431561787404457,5.189189189189181,low,high,Stagflation
1982-12-01,-1.4431561787404457,4.516129032258065,low,high,Stagflation
1983-01-01,1.4314555774158633,4.608788853161849,low,high,Stagflation
1983-02-01,1.4314555774158633,4.47761194029852,low,high,Stagflation
1983-03-01,1.4314555774158633,4.579339723109688,low,high,Stagflation
1983-04-01,3.2685328840770245,4.118268215417098,high,high,Overheat
1983-05-01,3.2685328840770245,3.6687631027253698,high,high,Overheat
1983-06-01,3.2685328840770245,3.2258064516129226,high,high,Overheat
1983-07-01,5.737169684511145,3.205791106514999,high,high,Overheat
1983-08-01,5.737169684511145,3.0895983522142068,high,high,Overheat
1983-09-01,5.737169684511145,3.3950617283950546,high,high,Overheat
1983-10-01,7.8999749811109465,3.589743589743599,high,high,Overheat
1983-11-01,7.8999749811109465,4.316546762589923,high,high,Overheat
1983-12-01,7.8999749811109465,4.732510288065828,high,high,Overheat
1984-01-01,8.57827546221952,5.020491803278704,high,high,Overheat
1984-02-01,8.57827546221952,4.8979591836734615,high,high,Overheat
1984-03-01,8.57827546221952,5.0916496945010215,high,high,Overheat
1984-04-01,7.996696675409365,5.1724137931034475,high,high,Overheat
1984-05-01,7.996696675409365,5.257836198179966,high,high,Overheat
1984-06-01,7.996696675409365,5.3427419354838745,high,high,Overheat
1984-07-01,6.90083708341811,5.210420841683372,high,high,Overheat
1984-08-01,6.90083708341811,5.294705294705304,high,high,Overheat
1984-09-01,6.90083708341811,5.273631840796011,high,high,Overheat
1984-10-01,5.575799461835684,5.148514851485153,high,high,Overheat
1984-11-01,5.575799461835684,4.827586206896561,high,high,Overheat
1984-12-01,5.575799461835684,4.911591355599221,high,high,Overheat
1985-01-01,4.555093389343479,4.4878048780487845,high,high,Overheat
1985-02-01,4.555093389343479,4.76653696498055,high,high,Overheat
1985-03-01,4.555093389343479,4.748062015503862,high,high,Overheat
1985-04-01,3.6842175046639225,4.532304725168768,high,high,Overheat
1985-05-01,3.6842175046639225,4.514889529298749,high,high,Overheat
1985-06-01,3.6842175046639225,4.401913875598074,high,high,Overheat
1985-07-01,4.2624449274052845,4.190476190476189,high,high,Overheat
1985-08-01,4.2624449274052845,4.174573055028463,high,high,Overheat
1985-09-01,4.2624449274052845,3.969754253308122,high,high,Overheat
1985-10-01,4.182268593574223,4.048964218455731,high,high,Overheat
1985-11-01,4.182268593574223,4.417293233082686,high,high,Overheat
1985-12-01,4.182268593574223,4.307116104868913,high,high,Overheat
1986-01-01,4.145589749222789,4.481792717086841,high,high,Overheat
1986-02-01,4.145589749222789,4.178272980501396,high,high,Overheat
1986-03-01,4.145589749222789,4.070305272895469,high,high,Overheat
1986-04-01,3.701580386604819,4.151291512915134,high,high,Overheat
1986-05-01,3.701580386604819,3.952205882352944,high,high,Overheat
1986-06-01,3.701580386604819,3.9413382218148607,high,high,Overheat
1986-07-01,3.119241273859985,4.021937842778778,high,high,Overheat
1986-08-01,3.119241273859985,4.007285974499086,high,high,Overheat
1986-09-01,3.119241273859985,4.181818181818175,high,high,Overheat
1986-10-01,2.9080333208927778,4.072398190045257,high,high,Overheat
1986-11-01,2.9080333208927778,3.7803780378037777,high,high,Overheat
1986-12-01,2.9080333208927778,3.7701974865349985,high,high,Overheat
1987-01-01,2.715840619174137,3.574620196604106,high,high,Overheat
1987-02-01,2.715840619174137,3.5650623885918,high,high,Overheat
1987-03-01,2.715840619174137,3.64444444444445,high,high,Overheat
1987-04-01,3.3584793796559653,3.8972542072630567,high,high,Overheat
1987-05-01,3.3584793796559653,4.0671971706454535,high,high,Overheat
1987-06-01,3.3584793796559653,3.9682539682539764,high,high,Overheat
1987-07-01,3.2669261519167936,3.9543057996485054,high,high,Overheat
1987-08-01,3.2669261519167936,3.9404553415061327,high,high,Overheat
1987-09-01,3.2669261519167936,4.013961605584648,high,high,Overheat
1987-10-01,4.479019137679718,4.17391304347825,high,high,Overheat
1987-11-01,4.479019137679718,4.163052905464015,high,high,Overheat
1987-12-01,4.479019137679718,4.152249134948116,high,high,Overheat
1988-01-01,4.2421895689621625,4.3140638481449445,high,high,Overheat
1988-02-01,4.2421895689621625,4.302925989672968,high,high,Overheat
1988-03-01,4.2421895689621625,4.373927958833623,high,high,Overheat
1988-04-01,4.484604217288046,4.262574595055413,high,high,Overheat
1988-05-01,4.484604217288046,4.248088360237889,high,high,Overheat
1988-06-01,4.484604217288046,4.495335029686176,high,high,Overheat
1988-07-01,4.19286632334297,4.480135249366013,high,high,Overheat
1988-08-01,4.19286632334297,4.465037910699232,high,high,Overheat
1988-09-01,4.19286632334297,4.614093959731536,high,high,Overheat
1988-10-01,3.7989710436494795,4.507512520868118,high,high,Overheat
1988-11-01,3.7989710436494795,4.579517069109085,high,high,Overheat
1988-12-01,3.7989710436494795,4.6511627906976605,high,high,Overheat
1989-01-01,4.315239934533488,4.631927212572373,high,high,Overheat
1989-02-01,4.315239934533488,4.702970297029707,high,high,Overheat
1989-03-01,4.315239934533488,4.683648315529987,high,high,Overheat
1989-04-01,3.7482928748439726,4.497138184791494,high,high,Overheat
1989-05-01,3.7482928748439726,4.563977180114098,high,high,Overheat
1989-06-01,3.7482928748439726,4.545454545454541,high,high,Overheat
1989-07-01,3.9081130529283303,4.53074433656957,high,high,Overheat
1989-08-01,3.9081130529283303,4.435483870967749,high,high,Overheat
1989-09-01,3.9081130529283303,4.170008019246185,high,high,Overheat
1989-10-01,2.743803255246613,4.313099041533541,high,high,Overheat
1989-11-01,2.743803255246613,4.378980891719753,high,high,Overheat
1989-12-01,2.743803255246613,4.444444444444451,high,high,Overheat
1990-01-01,2.821303844360701,4.426877470355728,high,high,Overheat
1990-02-01,2.821303844360701,4.570527974783278,high,high,Overheat
1990-03-01,2.821303844360701,4.788069073783352,high,high,Overheat
1990-04-01,2.412772955183762,4.851330203442883,low,high,Stagflation
1990-05-01,2.412772955183762,4.754481683554168,low,high,Stagflation
1990-06-01,2.412772955183762,4.891304347826075,low,high,Stagflation
1990-07-01,1.7272166368697883,5.10835913312695,low,high,Stagflation
1990-08-01,1.7272166368697883,5.4826254826254806,low,high,Stagflation
1990-09-01,1.7272166368697883,5.54272517321015,low,high,Stagflation
1990-10-01,0.6028586964982319,5.359877488514542,low,high,Stagflation
1990-11-01,0.6028586964982319,5.263157894736836,low,high,Stagflation
1990-12-01,0.6028586964982319,5.319148936170204,low,high,Stagflation
1991-01-01,-0.950240697101612,5.601816805450421,low,high,Stagflation
1991-02-01,-0.950240697101612,5.6518462697814575,low,high,Stagflation
1991-03-01,-0.950240697101612,5.243445692883886,low,high,Stagflation
1991-04-01,-0.5388879602283181,5.149253731343295,low,high,Stagflation
1991-05-01,-0.5388879602283181,5.133928571428581,low,high,Stagflation
1991-06-01,-0.5388879602283181,4.959289415247969,low,high,Stagflation
1991-07-01,-0.10271685005062148,4.786450662739328,low,high,Stagflation
1991-08-01,-0.10271685005062148,4.612005856515378,low,high,Stagflation
1991-09-01,-0.10271685005062148,4.595185995623652,low,high,Stagflation
1991-10-01,1.1665033422485704,4.433139534883712,low,high,Stagflation
1991-11-01,1.1665033422485704,4.492753623188395,low,high,Stagflation
1991-12-01,1.1665033422485704,4.401154401154406,low,high,Stagflation
1992-01-01,2.8588691053506032,4.014336917562722,high,high,Overheat
1992-02-01,2.8588691053506032,3.708987161198296,high,high,Overheat
1992-03-01,2.8588691053506032,3.843416370106767,high,high,Overheat
1992-04-01,3.169755820667075,3.8325053229240735,high,high,Overheat
1992-05-01,3.169755820667075,3.8924274593064467,high,high,Overheat
1992-06-01,3.169755820667075,3.7376586741889817,high,high,Overheat
1992-07-01,3.6653228785096026,3.7245256500351154,high,high,Overheat
1992-08-01,3.6653228785096026,3.4989503149055246,high,high,Overheat
1992-09-01,3.6653228785096026,3.2775453277545274,high,high,Overheat
1992-10-01,4.3825876436383915,3.549060542797511,high,high,Overheat
1992-11-01,4.3825876436383915,3.4674063800277377,high,high,Overheat
1992-12-01,4.3825876436383915,3.386316516931598,high,high,Overheat
1993-01-01,3.3199817534697473,3.4458993797381154,high,high,Overheat
1993-02-01,3.3199817534697473,3.576341127922955,high,high,Overheat
1993-03-01,3.3199817534697473,3.358464701850594,high,high,Overheat
1993-04-01,2.8066673904407757,3.4859876965140035,high,high,Overheat
1993-05-01,2.8066673904407757,3.4059945504087086,high,high,Overheat
1993-06-01,2.8066673904407757,3.3990482664853827,high,high,Overheat
1993-07-01,2.2865157608157105,3.1842818428184483,low,high,Stagflation
1993-08-01,2.2865157608157105,3.313049357674114,low,high,Stagflation
1993-09-01,2.2865157608157105,3.241053342336264,low,high,Stagflation
1993-10-01,2.607615494464688,3.0913978494623517,high,high,Overheat
1993-11-01,2.607615494464688,3.1501340482573914,high,high,Overheat
1993-12-01,2.607615494464688,3.141711229946531,high,high,Overheat
1994-01-01,3.4305230144305865,2.931379080612939,high,high,Overheat
1994-02-01,3.4305230144305865,2.788844621513964,high,high,Overheat
1994-03-01,3.4305230144305865,2.984084880636595,high,high,Overheat
1994-04-01,4.225399702357091,2.7080581241743618,high,high,Overheat
1994-05-01,4.225399702357091,2.7009222661396493,high,high,Overheat
1994-06-01,4.225399702357091,2.827087442472065,high,high,Overheat
1994-07-01,4.336784859634335,2.8890347997373444,high,high,Overheat
1994-08-01,4.336784859634335,2.814136125654443,high,high,Overheat
1994-09-01,4.336784859634335,3.00850228907783,high,high,Overheat
1994-10-01,4.115926516252477,2.8683181225554133,high,high,Overheat
1994-11-01,4.115926516252477,2.7940220922676895,high,high,Overheat
1994-12-01,4.115926516252477,2.5923525599481634,high,high,Overheat
1995-01-01,3.4811302970043867,2.9126213592232997,high,high,Overheat
1995-02-01,3.4811302970043867,2.9715762273901714,high,high,Overheat
1995-03-01,3.4811302970043867,2.962009014810052,high,high,Overheat
1995-04-01,2.4021688692934973,3.1511254019292556,low,high,Stagflation
1995-05-01,2.4021688692934973,3.078896728672209,low,high,Stagflation
1995-06-01,2.4021688692934973,3.0051150895140655,low,high,Stagflation
1995-07-01,2.673106855580065,2.999361837906833,high,high,Overheat
1995-08-01,2.673106855580065,2.991725015913449,high,high,Overheat
1995-09-01,2.673106855580065,2.984126984126978,high,high,Overheat
1995-10-01,2.19957990906845,3.1051964512040398,low,high,Stagflation
1995-11-01,2.19957990906845,3.034134007585343,low,high,Stagflation
1995-12-01,2.19957990906845,3.032217308907126,low,high,Stagflation
1996-01-01,2.6011039926917334,2.955974842767284,high,high,Overheat
1996-02-01,2.6011039926917334,2.8858218318695172,high,high,Overheat
1996-03-01,2.6011039926917334,2.814258911819878,high,high,Overheat
1996-04-01,4.00212706380616,2.6184538653366562,high,high,Overheat
1996-05-01,4.00212706380616,2.675793403858129,high,high,Overheat
1996-06-01,4.00212706380616,2.669149596523912,high,high,Overheat
1996-07-01,4.049921390498912,2.664188351920682,high,high,Overheat
1996-08-01,4.049921390498912,2.595797280593315,high,high,Overheat
1996-09-01,4.049921390498912,2.6510480887792953,high,high,Overheat
1996-10-01,4.421314452081737,2.5199754148740094,high,high,Overheat
1996-11-01,4.421314452081737,2.5766871165644023,high,high,Overheat
1996-12-01,4.421314452081737,2.636419374616805,high,high,Overheat
1997-01-01,4.314134541141845,2.504581551618834,high,high,Overheat
1997-02-01,4.314134541141845,2.499999999999991,high,high,Overheat
1997-03-01,4.314134541141845,2.4330900243308973,high,high,Overheat
1997-04-01,4.30807497934842,2.6123936816524918,high,high,Overheat
1997-05-01,4.30807497934842,2.5454545454545396,high,high,Overheat
1997-06-01,4.30807497934842,2.41837968561065,high,high,Overheat
1997-07-01,4.6738025753933155,2.4140012070005934,high,high,Overheat
1997-08-01,4.6738025753933155,2.2891566265060392,high,high,Overheat
1997-09-01,4.6738025753933155,2.2222222222222143,high,high,Overheat
1997-10-01,4.4876844577145025,2.278177458033559,high,high,Overheat
1997-11-01,4.4876844577145025,2.1531100478469067,high,high,Overheat
1997-12-01,4.4876844577145025,2.270011947431283,high,high,Overheat
1998-01-01,4.855005882657681,2.264600715137055,high,high,Overheat
1998-02-01,4.855005882657681,2.2605591909577782,high,high,Overheat
1998-03-01,4.855005882657681,2.25653206650831,high,high,Overheat
1998-04-01,4.095726841200675,2.131438721136769,high,high,Overheat
1998-05-01,4.095726841200675,2.1867612293144267,high,high,Overheat
1998-06-01,4.095726841200675,2.2432113341204207,high,high,Overheat
1998-07-01,4.097768622679809,2.2392457277548683,high,high,Overheat
1998-08-01,4.097768622679809,2.473498233215543,high,high,Overheat
1998-09-01,4.097768622679809,2.3501762632197387,high,high,Overheat
1998-10-01,4.879540775598024,2.2274325908558046,high,high,Overheat
1998-11-01,4.879540775598024,2.3419203747072626,high,high,Overheat
1998-12-01,4.879540775598024,2.453271028037385,high,high,Overheat
1999-01-01,4.8218579316202215,2.331002331002341,high,high,Overheat
1999-02-01,4.8218579316202215,2.1524141942990127,high,high,Overheat
1999-03-01,4.8218579316202215,2.0325203252032464,high,high,Overheat
1999-04-01,4.727531513473537,2.2028985507246412,high,high,Overheat
1999-05-01,4.727531513473537,2.0821283979178595,high,high,Overheat
1999-06-01,4.727531513473537,1.9630484988452768,high,low,Recovery
1999-07-01,4.800205236862531,2.074927953890482,high,high,Overheat
1999-08-01,4.800205236862531,1.8965517241379404,high,low,Recovery
1999-09-01,4.800205236862531,2.066590126291623,high,high,Overheat
1999-10-01,4.827626650330141,2.1215596330275144,high,high,Overheat
1999-11-01,4.827626650330141,2.0594965675057253,high,high,Overheat
1999-12-01,4.827626650330141,1.8814139110604255,high,low,Recovery
2000-01-01,4.225955858689923,2.1070615034168627,high,high,Overheat
2000-02-01,4.225955858689923,2.1640091116173155,high,high,Overheat
2000-03-01,4.225955858689923,2.4473534433693933,high,high,Overheat
2000-04-01,5.244682768853304,2.2688598979013097,high,high,Overheat
2000-05-01,5.244682768853304,2.3796033994334165,high,high,Overheat
2000-06-01,5.244682768853304,2.5481313703284325,high,high,Overheat
2000-07-01,3.974084495579122,2.4844720496894457,high,high,Overheat
2000-08-01,3.974084495579122,2.5944726452340694,high,high,Overheat
2000-09-01,3.974084495579122,2.53093363329584,high,high,Overheat
2000-10-01,2.901620472117261,2.5266704098820814,high,high,Overheat
2000-11-01,2.901620472117261,2.6345291479820565,high,high,Overheat
2000-12-01,2.901620472117261,2.5741466144376224,high,high,Overheat
2001-01-01,2.195542846787979,2.5655326268823275,low,high,Stagflation
2001-02-01,2.195542846787979,2.7870680044593144,low,high,Stagflation
2001-03-01,2.195542846787979,2.6111111111110974,low,high,Stagflation
2001-04-01,0.9919329568880197,2.66222961730449,low,high,Stagflation
2001-05-01,0.9919329568880197,2.54565578306587,low,high,Stagflation
2001-06-01,0.9919329568880197,2.705687465488693,low,high,Stagflation
2001-07-01,0.48735236716932473,2.6997245179063434,low,high,Stagflation
2001-08-01,0.48735236716932473,2.638812534359536,low,high,Stagflation
2001-09-01,0.48735236716932473,2.6330224904004274,low,high,Stagflation
2001-10-01,0.1706422364229354,2.6286966046002336,low,high,Stagflation
2001-11-01,0.1706422364229354,2.730748225013646,low,high,Stagflation
2001-12-01,0.1706422364229354,2.782324058919805,low,high,Stagflation
2002-01-01,1.3288120484284516,2.610114192495905,low,high,Stagflation
2002-02-01,1.3288120484284516,2.5488069414316694,low,high,Stagflation
2002-03-01,1.3288120484284516,2.4363833243096877,low,high,Stagflation
2002-04-01,1.3228839022436212,2.485143165856285,low,high,Stagflation
2002-05-01,1.3228839022436212,2.5364274150026844,low,high,Stagflation
2002-06-01,1.3228839022436212,2.2580645161290214,low,high,Stagflation
2002-07-01,2.1406699897993153,2.1995708154506355,low,high,Stagflation
2002-08-01,2.1406699897993153,2.3567220139260936,low,high,Stagflation
2002-09-01,2.1406699897993153,2.2447888829502993,low,high,Stagflation
2002-10-01,1.9912861846485663,2.187833511205972,low,high,Stagflation
2002-11-01,1.9912861846485663,2.020202020202033,low,high,Stagflation
2002-12-01,1.9912861846485663,1.9639065817409707,low,low,Reflection
2003-01-01,1.6761889404258712,1.9607843137255054,low,low,Reflection
2003-02-01,1.6761889404258712,1.7979904812268632,low,low,Reflection
2003-03-01,1.6761889404258712,1.744186046511631,low,low,Reflection
2003-04-01,1.956993641779592,1.4760147601476037,low,low,Reflection
2003-05-01,1.956993641779592,1.5263157894736867,low,low,Reflection
2003-06-01,1.956993641779592,1.4721345951629994,low,low,Reflection
2003-07-01,3.2399083015260066,1.522309711286085,high,low,Recovery
2003-08-01,3.2399083015260066,1.3082155939298845,high,low,Recovery
2003-09-01,3.2399083015260066,1.2545739675901668,high,low,Recovery
2003-10-01,4.295076520243923,1.305483028720622,high,low,Recovery
2003-11-01,4.295076520243923,1.094319958311618,high,low,Recovery
2003-12-01,4.295076520243923,1.0931806350858997,high,low,Recovery
2004-01-01,4.353382086215918,1.1434511434511352,high,low,Recovery
2004-02-01,4.353382086215918,1.2467532467532516,high,low,Recovery
2004-03-01,4.353382086215918,1.558441558441559,high,low,Recovery
2004-04-01,4.234811649454451,1.7662337662337713,high,low,Recovery
2004-05-01,4.234811649454451,1.710730948678063,high,low,Recovery
2004-06-01,4.234811649454451,1.865284974093262,high,low,Recovery
2004-07-01,3.4908340686507833,1.7580144777662898,high,low,Recovery
2004-08-01,3.4908340686507833,1.7045454545454586,high,low,Recovery
2004-09-01,3.4908340686507833,1.961796592669085,high,low,Recovery
2004-10-01,3.355765916404896,2.0103092783505083,high,high,Overheat
2004-11-01,3.355765916404896,2.216494845360839,high,high,Overheat
2004-12-01,3.355765916404896,2.2657054582904346,high,high,Overheat
2005-01-01,3.908617440899942,2.261048304213764,high,high,Overheat
2005-02-01,3.908617440899942,2.308876346844535,high,high,Overheat
2005-03-01,3.908617440899942,2.35294117647058,high,high,Overheat
2005-04-01,3.607410366126085,2.1949974476773715,high,high,Overheat
2005-05-01,3.607410366126085,2.1916411824668858,high,high,Overheat
2005-06-01,3.607410366126085,2.0345879959308144,high,high,Overheat
2005-07-01,3.447674589108507,2.083333333333326,high,high,Overheat
2005-08-01,3.447674589108507,2.1330624682579957,high,high,Overheat
2005-09-01,3.447674589108507,1.9240506329113893,high,low,Recovery
2005-10-01,2.982672051361135,2.071753410813537,high,high,Overheat
2005-11-01,2.982672051361135,2.1180030257186067,high,high,Overheat
2005-12-01,2.982672051361135,2.114803625377659,high,high,Overheat
2006-01-01,3.2248575723230033,2.1105527638190846,high,high,Overheat
2006-02-01,3.2248575723230033,2.106318956870612,high,high,Overheat
2006-03-01,3.2248575723230033,2.0989505247376306,high,high,Overheat
2006-04-01,2.977269025594631,2.29770229770232,high,high,Overheat
2006-05-01,2.977269025594631,2.44389027431422,high,high,Overheat
2006-06-01,2.977269025594631,2.6420737786640114,high,high,Overheat
2006-07-01,2.3282911518637928,2.6879044300647026,low,high,Stagflation
2006-08-01,2.3282911518637928,2.8344107409249197,low,high,Stagflation
2006-09-01,2.3282911518637928,2.930948832588176,low,high,Stagflation
2006-10-01,2.6089019835609184,2.7722772277227747,high,high,Overheat
2006-11-01,2.6089019835609184,2.6172839506172885,high,high,Overheat
2006-12-01,2.6089019835609184,2.6134122287968298,high,high,Overheat
2007-01-01,1.5407153251804973,2.657480314960625,low,high,Stagflation
2007-02-01,1.5407153251804973,2.71856581532417,low,high,Stagflation
2007-03-01,1.5407153251804973,2.5051395007342103,low,high,Stagflation
2007-04-01,1.9386415949978808,2.4155273437499902,low,high,Stagflation
2007-05-01,1.9386415949978808,2.267770204479058,low,high,Stagflation
2007-06-01,1.9386415949978808,2.181641573579407,low,high,Stagflation
2007-07-01,2.3985598500102956,2.1682016480853106,low,high,Stagflation
2007-08-01,2.3985598500102956,2.0884912959380886,low,high,Stagflation
2007-09-01,2.3985598500102956,2.101351351351366,low,high,Stagflation
2007-10-01,2.16088320819654,2.1565510597302495,low,high,Stagflation
2007-11-01,2.16088320819654,2.3387872954764077,low,high,Stagflation
2007-12-01,2.16088320819654,2.4353676117251366,low,high,Stagflation
2008-01-01,1.4468030014427313,2.4789069990412305,low,high,Stagflation
2008-02-01,1.4468030014427313,2.29708083295479,low,high,Stagflation
2008-03-01,1.4468030014427313,2.388524386633417,low,high,Stagflation
2008-04-01,1.3801325593333802,2.294669292051843,low,high,Stagflation
2008-05-01,1.3801325593333802,2.3222157689781087,low,high,Stagflation
2008-06-01,1.3801325593333802,2.3917259211376996,low,high,Stagflation
2008-07-01,0.2422023781227356,2.463313612274831,low,high,Stagflation
2008-08-01,0.2422023781227356,2.4981171756213394,low,high,Stagflation
2008-09-01,0.2422023781227356,2.4386208722122937,low,high,Stagflation
2008-10-01,-2.540339259876201,2.2213629955157854,low,high,Stagflation
2008-11-01,-2.540339259876201,2.015893915169764,low,high,Stagflation
2008-12-01,-2.540339259876201,1.7624596562335837,low,low,Reflection
2009-01-01,-3.282392443793525,1.6723503187990874,low,low,Reflection
2009-02-01,-3.282392443793525,1.800980653363804,low,low,Reflection
2009-03-01,-3.282392443793525,1.7876130957932945,low,low,Reflection
2009-04-01,-3.9955047793063247,1.93232662192393,low,low,Reflection
2009-05-01,-3.9955047793063247,1.8461309413034588,low,low,Reflection
2009-06-01,-3.9955047793063247,1.7119726678550107,low,low,Reflection
2009-07-01,-3.1376750032877987,1.5270992984974363,low,low,Reflection
2009-08-01,-3.1376750032877987,1.4339650543224725,low,low,Reflection
2009-09-01,-3.1376750032877987,1.4798373886199645,low,low,Reflection
2009-10-01,0.08165758387652655,1.7127331771131127,low,low,Reflection
2009-11-01,0.08165758387652655,1.714243571010421,low,low,Reflection
2009-12-01,0.08165758387652655,1.8236717759594345,low,low,Reflection
2010-01-01,1.7684572320283642,1.5123351706495702,low,low,Reflection
2010-02-01,1.7684572320283642,1.3494526888039982,low,low,Reflection
2010-03-01,1.7684572320283642,1.1592051426555505,low,low,Reflection
2010-04-01,2.9274678447875235,0.9675088932173947,high,low,Recovery
2010-05-01,2.9274678447875235,0.9401381427474931,high,low,Recovery
2010-06-01,2.9274678447875235,0.9501989849939774,high,low,Recovery
2010-07-01,3.34919381385399,0.9577539302116689,high,low,Recovery
2010-08-01,3.34919381385399,0.9171009950067255,high,low,Recovery
2010-09-01,3.34919381385399,0.8143870498363182,high,low,Recovery
2010-10-01,2.7884496905064005,0.6027183550187942,high,low,Recovery
2010-11-01,2.7884496905064005,0.672056411046551,high,low,Recovery
2010-12-01,2.7884496905064005,0.6618948664665503,high,low,Recovery
2011-01-01,2.030608190613159,0.9835337415527112,low,low,Reflection
2011-02-01,2.030608190613159,1.124445592146106,low,low,Reflection
2011-03-01,2.030608190613159,1.2097851736773357,low,low,Reflection
2011-04-01,1.7379050686072928,1.3155392125784537,low,low,Reflection
2011-05-01,1.7379050686072928,1.4540961794335727,low,low,Reflection
2011-06-01,1.7379050686072928,1.5836776766096738,low,low,Reflection
2011-07-01,0.9182208483861531,1.741483445742964,low,low,Reflection
2011-08-01,0.9182208483861531,1.9651571719433658,low,low,Reflection
2011-09-01,0.9182208483861531,1.9877227562006272,low,low,Reflection
2011-10-01,1.5226915241306704,2.1079204796465634,low,high,Stagflation
2011-11-01,1.5226915241306704,2.138204538395394,low,high,Stagflation
2011-12-01,1.5226915241306704,2.276662633858506,low,high,Stagflation
2012-01-01,2.600249297538837,2.2773481506083826,high,high,Overheat
2012-02-01,2.600249297538837,2.1598204405657295,high,high,Overheat
2012-03-01,2.600249297538837,2.2483374654291177,high,high,Overheat
2012-04-01,2.373816349715452,2.314427851801515,low,high,Stagflation
2012-05-01,2.373816349715452,2.252258280361308,low,high,Stagflation
2012-06-01,2.373816349715452,2.192285611289857,low,high,Stagflation
2012-07-01,2.5926229770563136,2.109955687378462,high,high,Overheat
2012-08-01,2.5926229770563136,1.9352524993137443,high,low,Recovery
2012-09-01,2.5926229770563136,2.0082434834909124,high,high,Overheat
2012-10-01,1.566064345889151,1.9946491483669337,low,low,Reflection
2012-11-01,1.566064345889151,1.9528512686261434,low,low,Reflection
2012-12-01,1.566064345889151,1.8996943778720743,low,low,Reflection
2013-01-01,1.6163010952802814,1.9098022178631435,low,low,Reflection
2013-02-01,1.6163010952802814,1.9887385214485631,low,low,Reflection
2013-03-01,1.6163010952802814,1.8890221377988237,low,low,Reflection
2013-04-01,1.2961704903847737,1.715558856294086,low,low,Reflection
2013-05-01,1.2961704903847737,1.6455519491850756,low,low,Reflection
2013-06-01,1.2961704903847737,1.6230952474272975,low,low,Reflection
2013-07-01,1.9198446200382246,1.7002217680567089,low,low,Reflection
2013-08-01,1.9198446200382246,1.782107690904433,low,low,Reflection
2013-09-01,1.9198446200382246,1.7519368418314363,low,low,Reflection
2013-10-01,2.5320497778072104,1.686837731144819,high,low,Recovery
2013-11-01,2.5320497778072104,1.7416677473738762,high,low,Recovery
2013-12-01,2.5320497778072104,1.7408566188369834,high,low,Recovery
2014-01-01,1.2940558593095286,1.6070344358370292,low,low,Reflection
2014-02-01,1.2940558593095286,1.5548073904948723,low,low,Reflection
2014-03-01,1.2940558593095286,1.6456609706435588,low,low,Reflection
2014-04-01,2.4519991676588138,1.8210555250137483,low,low,Reflection
2014-05-01,2.4519991676588138,1.9455269618362525,low,low,Reflection
2014-06-01,2.4519991676588138,1.9228626526676562,low,low,Reflection
2014-07-01,2.8314569258469646,1.8449632290063356,high,low,Recovery
2014-08-01,2.8314569258469646,1.73639560289498,high,low,Recovery
2014-09-01,2.8314569258469646,1.7409458883681284,high,low,Recovery
2014-10-01,2.563759666266985,1.817632310436279,high,low,Recovery
2014-11-01,2.563759666266985,1.7415947552462452,high,low,Recovery
2014-12-01,2.563759666266985,1.6224195046636636,high,low,Recovery
2015-01-01,3.7612027730824504,1.631625565241701,high,low,Recovery
2015-02-01,3.7612027730824504,1.6880834938713285,high,low,Recovery
2015-03-01,3.7612027730824504,1.7453777073428434,high,low,Recovery
2015-04-01,3.0398546748779065,1.802827832894649,high,low,Recovery
2015-05-01,3.0398546748779065,1.7509440952473199,high,low,Recovery
2015-06-01,3.0398546748779065,1.7772676244655061,high,low,Recovery
2015-07-01,2.182668511263297,1.8346312894897077,low,low,Reflection
2015-08-01,2.182668511263297,1.8506323273421277,low,low,Reflection
2015-09-01,2.182668511263297,1.8970961446650891,low,low,Reflection
2015-10-01,1.8746840586457258,1.9135335359607986,low,low,Reflection
2015-11-01,1.8746840586457258,1.9974275238246353,low,low,Reflection
2015-12-01,1.8746840586457258,2.0715072792840905,low,high,Stagflation
2016-01-01,1.6481906030485938,2.145022538582464,low,high,Stagflation
2016-02-01,1.6481906030485938,2.222573822094165,low,high,Stagflation
2016-03-01,1.6481906030485938,2.142426948557663,low,high,Stagflation
2016-04-01,1.367629650405977,2.156654761214183,low,high,Stagflation
2016-05-01,1.367629650405977,2.2545595974976074,low,high,Stagflation
2016-06-01,1.367629650405977,2.2622116465067066,low,high,Stagflation
2016-07-01,1.6482633560206184,2.1701399624842965,low,high,Stagflation
2016-08-01,1.6482633560206184,2.3087345614186683,low,high,Stagflation
2016-09-01,1.6482633560206184,2.271120682569183,low,high,Stagflation
2016-10-01,2.0041770462427166,2.2045551507991146,low,high,Stagflation
2016-11-01,2.0041770462427166,2.1454219398053587,low,high,Stagflation
2016-12-01,2.0041770462427166,2.197123661300271,low,high,Stagflation
2017-01-01,1.8852788696456235,2.2502092221020176,low,high,Stagflation
2017-02-01,1.8852788696456235,2.2353468290497336,low,high,Stagflation
2017-03-01,1.8852788696456235,2.045845481938735,low,high,Stagflation
2017-04-01,2.1467165829075707,1.8965650108902388,low,low,Reflection
2017-05-01,2.1467165829075707,1.7370931912259246,low,low,Reflection
2017-06-01,2.1467165829075707,1.6991193342490218,low,low,Reflection
2017-07-01,2.266564638337365,1.6769627444729984,low,low,Reflection
2017-08-01,2.266564638337365,1.6552412618799472,low,low,Reflection
2017-09-01,2.266564638337365,1.5953898457655935,low,low,Reflection
2017-10-01,2.717885581859103,1.7596390813271245,high,low,Recovery
2017-11-01,2.717885581859103,1.7376072726981162,high,low,Recovery
2017-12-01,2.717885581859103,1.770166453265043,high,low,Recovery
2018-01-01,3.015311883141303,1.8385655595347883,high,low,Recovery
2018-02-01,3.015311883141303,1.8207316392959472,high,low,Recovery
2018-03-01,3.015311883141303,2.065799540933444,high,high,Overheat
2018-04-01,3.29615228305562,2.1398973836410873,high,high,Overheat
2018-05-01,3.29615228305562,2.2753847989499976,high,high,Overheat
2018-06-01,3.29615228305562,2.265378595886336,high,high,Overheat
2018-07-01,3.0528859123791108,2.326725797170459,high,high,Overheat
2018-08-01,3.0528859123791108,2.17514403944008,high,high,Overheat
2018-09-01,3.0528859123791108,2.2518709554926186,high,high,Overheat
2018-10-01,2.3206170953918637,2.157964074690555,low,high,Stagflation
2018-11-01,2.3206170953918637,2.221688152047152,low,high,Stagflation
2018-12-01,2.3206170953918637,2.197810838863923,low,high,Stagflation
2019-01-01,2.153001514081332,2.141356166102115,low,high,Stagflation
2019-02-01,2.153001514081332,2.0804639078444875,low,high,Stagflation
2019-03-01,2.153001514081332,2.0513180909545348,low,high,Stagflation
2019-04-01,2.111478835615088,2.08688129133332,low,high,Stagflation
2019-05-01,2.111478835615088,2.010491889979038,low,high,Stagflation
2019-06-01,2.111478835615088,2.1347917451611798,low,high,Stagflation
2019-07-01,2.3183259983257765,2.188498650367654,low,high,Stagflation
2019-08-01,2.3183259983257765,2.3667974018323434,low,high,Stagflation
2019-09-01,2.3183259983257765,2.353145973965698,low,high,Stagflation
2019-10-01,2.569423534639559,2.3251234570284662,high,high,Overheat
2019-11-01,2.569423534639559,2.314852286523683,high,high,Overheat
2019-12-01,2.569423534639559,2.2344133510814324,high,high,Overheat
2020-01-01,0.6307851641742079,2.2584384379773947,low,high,Stagflation
2020-02-01,0.6307851641742079,2.375759434233493,low,high,Stagflation
2020-03-01,0.6307851641742079,2.117207764880513,low,high,Stagflation
2020-04-01,-9.083737424225035,1.4555768481970377,low,low,Reflection
2020-05-01,-9.083737424225035,1.252282508834579,low,low,Reflection
2020-06-01,-9.083737424225035,1.195307003365742,low,low,Reflection
2020-07-01,-2.8875059888336607,1.5412291121898125,low,low,Reflection
2020-08-01,-2.8875059888336607,1.7138963030268517,low,low,Reflection
2020-09-01,-2.8875059888336607,1.724945953709156,low,low,Reflection
2020-10-01,-2.2629152430098443,1.6274304861160882,low,low,Reflection
2020-11-01,-2.2629152430098443,1.640542301882375,low,low,Reflection
2020-12-01,-2.2629152430098443,1.5962851186489102,low,low,Reflection
2021-01-01,0.5469768032827282,1.3872936513298573,low,low,Reflection
2021-02-01,0.5469768032827282,1.287614711531604,low,low,Reflection
2021-03-01,0.5469768032827282,1.6600728319021707,low,low,Reflection
2021-04-01,12.226677108076988,2.9717313025122927,high,high,Overheat
2021-05-01,12.226677108076988,3.8060134183715677,high,high,Overheat
2021-06-01,12.226677108076988,4.447400859865902,high,high,Overheat
2021-07-01,4.946555569288225,4.2018000239205655,high,high,Overheat
2021-08-01,4.946555569288225,3.9618554168434628,high,high,Overheat
2021-09-01,4.946555569288225,4.036752467007498,high,high,Overheat
2021-10-01,5.5334840384407835,4.593958385932595,high,high,Overheat
2021-11-01,5.5334840384407835,4.95263438787914,high,high,Overheat
2021-12-01,5.5334840384407835,5.476620836790325,high,high,Overheat
2022-01-01,3.939171862630819,6.040782780603737,high,high,Overheat
2022-02-01,3.939171862630819,6.415744375688481,high,high,Overheat
2022-03-01,3.939171862630819,6.436039462385801,high,high,Overheat
