,IVV
2012-01-03,104.8020014336
2012-01-04,104.8920515833
2012-01-05,105.2358794274
2012-01-06,105.0066608646
2012-01-09,105.1376429005
2012-01-10,106.0872626604
2012-01-11,106.1691264328
2012-01-12,106.4229041273
2012-01-13,106.0135852652
2012-01-17,106.2182446962
2012-01-18,107.4052693961
2012-01-19,108.0110613119
2012-01-20,107.9865021802
2012-01-23,108.0847387071
2012-01-24,107.9865021802
2012-01-25,108.8870036767
2012-01-26,108.3303300243
2012-01-27,108.2648390064
2012-01-30,107.8882656533
2012-01-31,107.8718928988
2012-02-01,108.7805807725
2012-02-02,109.0179857125
2012-02-03,110.5488382565
2012-02-06,110.4096698434
2012-02-07,110.7043794241
2012-02-08,111.0318345137
2012-02-09,111.1873756813
2012-02-10,110.4178562206
2012-02-13,111.1873756813
2012-02-14,111.0645800226
2012-02-15,110.5733973882
2012-02-16,111.7604220881
2012-02-17,112.030572537
2012-02-21,112.1124363094
2012-02-22,111.7358629564
2012-02-23,112.267977477
2012-02-24,112.4562641535
2012-02-27,112.7018554708
2012-02-28,113.0129378059
2012-02-29,112.4153322673
2012-03-01,113.1439198417
2012-03-02,112.8492102611
2012-03-05,112.3825867584
2012-03-06,110.6470747834
2012-03-07,111.4738988847
2012-03-08,112.5708734349
2012-03-09,113.0129378059
2012-03-12,113.0293105604
2012-03-13,115.0677184933
2012-03-14,114.9203637029
2012-03-15,115.6080193912
2012-03-16,115.7635605587
2012-03-19,116.2383704387
2012-03-20,115.8863562173
2012-03-21,115.6735104091
2012-03-22,114.8794318167
2012-03-23,115.2723779243
2012-03-26,116.8133218155
2012-03-27,116.4926319978
2012-03-28,115.9417033365
2012-03-29,115.7032416772
2012-03-30,116.1143824691
2012-04-02,117.0271150273
2012-04-03,116.583082972
2012-04-04,115.3414377802
2012-04-05,115.3661062278
2012-04-09,114.0422328776
2012-04-10,112.1592080504
2012-04-11,112.9321527393
2012-04-12,114.5438246438
2012-04-13,113.1377231353
2012-04-16,113.047272161
2012-04-17,114.7329494081
2012-04-18,114.3875911429
2012-04-19,113.7050974282
2012-04-20,113.8037712183
2012-04-23,112.8828158442
2012-04-24,113.302179452
2012-04-25,114.8974057249
2012-04-26,115.662127598
2012-04-27,115.867697994
2012-04-30,115.3496605961
2012-05-01,116.1143824691
2012-05-02,115.8101382831
2012-05-03,114.9467426199
2012-05-04,113.0554949769
2012-05-07,113.1048318719
2012-05-08,112.6443541849
2012-05-09,111.9700832861
2012-05-10,112.2332133929
2012-05-11,111.8549638643
2012-05-14,110.6955468309
2012-05-15,110.0459443796
2012-05-16,109.6348035876
2012-05-17,108.0066860514
2012-05-18,107.0775078616
2012-05-21,108.8947501621
2012-05-22,109.0838749264
2012-05-23,109.1496574531
2012-05-24,109.2318856115
2012-05-25,109.001646768
2012-05-29,110.3090744865
2012-05-30,108.6974025819
2012-05-31,108.4178268434
2012-06-01,105.876976749
2012-06-04,105.7454116956
2012-06-05,106.3456772519
2012-06-06,108.8371904512
2012-06-07,108.9769783205
2012-06-08,109.7910370886
2012-06-11,108.9852011363
2012-06-12,109.7499230094
2012-06-13,109.0098695838
2012-06-14,110.1199497222
2012-06-15,111.1724701496
2012-06-18,111.4273774407
2012-06-19,112.5780314192
2012-06-20,112.3467123556
2012-06-21,109.8930780023
2012-06-22,110.6696491444
2012-06-25,108.8686650064
2012-06-26,109.4304398751
2012-06-27,110.4631142662
2012-06-28,110.1987496221
2012-06-29,112.9745783854
2012-07-02,113.2141588441
2012-07-03,113.9824685911
2012-07-05,113.4620006979
2012-07-06,112.3136667751
2012-07-09,112.2227914286
2012-07-10,111.2727309888
2012-07-11,111.2314240132
2012-07-12,110.7192175152
2012-07-13,112.6028156046
2012-07-16,112.3384509604
2012-07-17,113.0984993123
2012-07-18,114.0155141716
2012-07-19,114.2468332352
2012-07-20,113.1893746587
2012-07-23,112.0823477115
2012-07-24,111.1488100619
2012-07-25,111.1075030863
2012-07-26,112.9084872243
2012-07-27,115.1060183286
2012-07-30,115.0316657724
2012-07-31,114.3790155572
2012-08-01,114.1394350985
2012-08-02,113.3463411661
2012-08-03,115.5521336655
2012-08-06,115.8247597048
2012-08-07,116.4113187589
2012-08-08,116.5765466615
2012-08-09,116.6508992176
2012-08-10,116.79960433
2012-08-13,116.7500359592
2012-08-14,116.8161271202
2012-08-15,116.9483094423
2012-08-16,117.7744489551
2012-08-17,117.9644610431
2012-08-20,117.9975066236
2012-08-21,117.6174824477
2012-08-22,117.6422666331
2012-08-23,116.7004675884
2012-08-24,117.4522545451
2012-08-27,117.4026861744
2012-08-28,117.2787652474
2012-08-29,117.3944247792
2012-08-30,116.5517624761
2012-08-31,117.2126740864
2012-09-04,116.7169903787
2012-09-05,116.8822182812
2012-09-06,119.2532386832
2012-09-07,119.7902293666
2012-09-10,119.046703805
2012-09-11,119.3441140296
2012-09-12,119.8232749471
2012-09-13,121.7151344315
2012-09-14,122.1695111636
2012-09-17,121.7894869877
2012-09-18,121.6738274559
2012-09-19,121.7647028023
2012-09-20,121.7151344315
2012-09-21,121.5829521095
2012-09-24,121.4590311826
2012-09-25,120.2515308
2012-09-26,119.5620532471
2012-09-27,120.7084135158
2012-09-28,119.9524802951
2012-10-01,120.3844421355
2012-10-02,120.5588882634
2012-10-03,120.9991570623
2012-10-04,121.9544572862
2012-10-05,121.8630807431
2012-10-08,121.4643467365
2012-10-09,120.3179864678
2012-10-10,119.5620532471
2012-10-11,119.6368158733
2012-10-12,119.1300914067
2012-10-15,120.1186194645
2012-10-16,121.4477328196
2012-10-17,121.9295364108
2012-10-18,121.6720206983
2012-10-19,119.5039045378
2012-10-22,119.6368158733
2012-10-23,117.9172754702
2012-10-24,117.6182249653
2012-10-25,117.9754241795
2012-10-26,117.9006615533
2012-10-31,117.5268484221
2012-11-01,119.171626199
2012-11-02,118.0418798472
2012-11-05,118.2993955598
2012-11-06,119.2131609914
2012-11-07,116.5050925304
2012-11-08,115.1178304661
2012-11-09,115.134444383
2012-11-12,115.3587322617
2012-11-13,114.9018495459
2012-11-14,113.4564387722
2012-11-15,113.2072300182
2012-11-16,113.6724196924
2012-11-19,116.0814376485
2012-11-20,116.1229724408
2012-11-21,116.3638742364
2012-11-23,117.8175919686
2012-11-26,117.7760571762
2012-11-27,117.0699657063
2012-11-28,117.967117221
2012-11-29,118.5486043138
2012-11-30,118.5486043138
2012-12-03,117.9920380964
2012-12-04,117.7926710932
2012-12-05,118.0086520133
2012-12-06,118.374158186
2012-12-07,118.7895061095
2012-12-10,118.8974965696
2012-12-11,119.5869741225
2012-12-12,119.7531132919
2012-12-13,119.0054870297
2012-12-14,118.5901391062
2012-12-17,119.9026385443
2012-12-18,121.3231284426
2012-12-19,120.4174182686
2012-12-20,121.0862645826
2012-12-21,119.9826681644
2012-12-24,119.6064421128
2012-12-26,119.0462833247
2012-12-27,118.9292352198
2012-12-28,117.5831820127
2012-12-31,119.6733267442
2013-01-02,122.5911687893
2013-01-03,122.4323177897
2013-01-04,123.0342794724
2013-01-07,122.6496928418
2013-01-08,122.3152696847
2013-01-09,122.6413322628
2013-01-10,123.5693565236
2013-01-11,123.6278805761
2013-01-14,123.5191930501
2013-01-15,123.5693565236
2013-01-16,123.5191930501
2013-01-17,124.3552509426
2013-01-18,124.6813135207
2013-01-22,125.2916357823
2013-01-23,125.5257319922
2013-01-24,125.559174308
2013-01-25,126.1778571485
2013-01-28,126.1778571485
2013-01-29,126.5958860948
2013-01-30,126.1276936749
2013-01-31,125.7932705179
2013-02-01,127.1058814092
2013-02-04,125.7180253075
2013-02-05,126.8801457782
2013-02-06,127.0473573567
2013-02-07,126.8968669361
2013-02-08,127.5406315134
2013-02-11,127.4988286187
2013-02-12,127.7830883022
2013-02-13,127.8666940915
2013-02-14,128.0171845121
2013-02-15,127.8750546704
2013-02-19,128.7529154576
2013-02-20,127.130963146
2013-02-21,126.3952322005
2013-02-22,127.6075161448
2013-02-25,125.216390572
2013-02-26,126.0691696224
2013-02-27,127.6075161448
2013-02-28,127.4988286187
2013-03-01,127.8165306179
2013-03-04,128.4519346163
2013-03-05,129.614055087
2013-03-06,129.8815936126
2013-03-07,130.1073292436
2013-03-08,130.6591274527
2013-03-11,131.1105987147
2013-03-12,130.8012572944
2013-03-13,130.9851900308
2013-03-14,131.7209209763
2013-03-15,131.5704305556
2013-03-18,130.7761755577
2013-03-19,130.5588005056
2013-03-20,131.3948583982
2013-03-21,130.3079831378
2013-03-22,131.3279737668
2013-03-25,130.89543838
2013-03-26,131.8950890774
2013-03-27,131.8026843911
2013-03-28,132.1891039884
2013-04-01,131.7522818349
2013-04-02,132.373913361
2013-04-03,131.0802477526
2013-04-04,131.5842733143
2013-04-05,131.0214447704
2013-04-08,131.8278856692
2013-04-09,132.3151103788
2013-04-10,133.9699943065
2013-04-11,134.40681646
2013-04-12,134.0539985668
2013-04-15,130.9836428533
2013-04-16,132.8947397748
2013-04-17,130.89543838
2013-04-18,130.1394000374
2013-04-19,131.189453291
2013-04-22,131.8866886514
2013-04-23,133.230756816
2013-04-24,133.2223563899
2013-04-25,133.8523883421
2013-04-26,133.5667738571
2013-04-29,134.4908207203
2013-04-30,134.7848356313
2013-05-01,133.6507781174
2013-05-02,134.8604394656
2013-05-03,136.1961072041
2013-05-06,136.5573255234
2013-05-07,137.2545608837
2013-05-08,137.901393688
2013-05-09,137.5317749427
2013-05-10,137.9601966702
2013-05-13,138.0778026346
2013-05-14,139.5562776156
2013-05-15,140.261913402
2013-05-16,139.5898793197
2013-05-17,140.9591487624
2013-05-20,140.9927504665
2013-05-21,141.1691594131
2013-05-22,140.1107057335
2013-05-23,139.6990848581
2013-05-24,139.5730784677
2013-05-28,140.4299219226
2013-05-29,139.4806737814
2013-05-30,140.0351018993
2013-05-31,138.0189996524
2013-06-03,138.7498367169
2013-06-04,138.1198047647
2013-06-05,136.1205033699
2013-06-06,137.3637664221
2013-06-07,139.1278558882
2013-06-10,139.1110550361
2013-06-11,137.7417855934
2013-06-12,136.5909272275
2013-06-13,138.6658324566
2013-06-14,137.7837877236
2013-06-17,138.9094448114
2013-06-18,139.9258963609
2013-06-19,138.0946034866
2013-06-20,134.582385364
2013-06-21,134.994846282
2013-06-24,133.2643585201
2013-06-25,134.5844014662
2013-06-26,135.9008313892
2013-06-27,136.6944375363
2013-06-28,135.8248478219
2013-07-01,136.9477160939
2013-07-02,136.7282080107
2013-07-03,136.8717325266
2013-07-05,138.3829612536
2013-07-08,139.1427969264
2013-07-09,140.1390259197
2013-07-10,140.1981242498
2013-07-11,142.2243527106
2013-07-12,142.173696999
2013-07-15,142.806893393
2013-07-16,142.2074674734
2013-07-17,142.5114017425
2013-07-18,143.3218931268
2013-07-19,143.6511552517
2013-07-22,143.8791059535
2013-07-23,143.583614303
2013-07-24,143.0770571878
2013-07-25,143.3472209826
2013-07-26,143.5414012101
2013-07-29,143.1192702807
2013-07-30,143.093942425
2013-07-31,143.1445981365
2013-08-01,144.8331218538
2013-08-02,145.09484303
2013-08-05,144.9513185141
2013-08-06,144.1830402227
2013-08-07,143.6173847774
2013-08-08,144.115499274
2013-08-09,143.7186962004
2013-08-12,143.4991881171
2013-08-13,144.0141878509
2013-08-14,143.2459095595
2013-08-15,141.1859106244
2013-08-16,140.7553370765
2013-08-19,139.8519768877
2013-08-20,140.5189437561
2013-08-21,139.6493540416
2013-08-22,140.9157468296
2013-08-23,141.4476318006
2013-08-26,140.8904189739
2013-08-27,138.6193545741
2013-08-28,139.0921412149
2013-08-29,139.3369771539
2013-08-30,138.7966495644
2013-09-03,139.4889442885
2013-09-04,140.6455830349
2013-09-05,140.7891075508
2013-09-06,140.8988615925
2013-09-09,142.3003362778
2013-09-10,143.2881226525
2013-09-11,143.7693519119
2013-09-12,143.4738602614
2013-09-13,143.6764831075
2013-09-16,144.6220563892
2013-09-17,145.2045970716
2013-09-18,146.9100060262
2013-09-19,146.7158257987
2013-09-20,145.6098427638
2013-09-23,145.0019742256
2013-09-24,144.6856892497
2013-09-25,144.2699745333
2013-09-26,144.7196251449
2013-09-27,144.1002950573
2013-09-30,143.2943175459
2013-10-01,144.456621957
2013-10-02,144.2360386381
2013-10-03,142.9973784628
2013-10-04,144.0493912144
2013-10-07,142.8192150129
2013-10-08,141.1902920426
2013-10-09,141.2496798592
2013-10-10,144.3463302976
2013-10-11,145.2456315208
2013-10-14,145.8988975037
2013-10-15,144.7196251449
2013-10-16,146.8066827007
2013-10-17,147.7484037929
2013-10-18,148.7495127017
2013-10-21,148.7749646231
2013-10-22,149.5724581607
2013-10-23,148.995547942
2013-10-24,149.4876184227
2013-10-25,150.1578523532
2013-10-28,150.3275318292
2013-10-29,151.2183490786
2013-10-30,150.4802433577
2013-10-31,149.903333139
2013-11-01,150.3444997768
2013-11-04,150.8535382051
2013-11-05,150.4293395149
2013-11-06,151.1504772882
2013-11-07,149.2415831824
2013-11-08,151.2692529215
2013-11-11,151.2692529215
2013-11-12,150.9298939693
2013-11-13,152.1006823542
2013-11-14,153.0084675512
2013-11-15,153.6617335341
2013-11-18,153.1526951059
2013-11-19,152.7794002585
2013-11-20,152.2958137517
2013-11-21,153.4750861104
2013-11-22,154.272579648
2013-11-25,154.1198681195
2013-11-26,154.1453200409
2013-11-27,154.5270988621
2013-11-29,154.3743873336
2013-12-02,154.0435123553
2013-12-03,153.4581181628
2013-12-04,153.279954713
2013-12-05,152.7030444943
2013-12-06,154.3998392551
2013-12-09,154.7391982072
2013-12-10,154.2640956742
2013-12-11,152.4739772016
2013-12-12,152.0073586424
2013-12-13,151.9479708258
2013-12-16,152.8557560228
2013-12-17,152.3382336207
2013-12-18,154.9767494737
2013-12-19,154.8834257619
2013-12-20,155.7063712208
2013-12-23,156.5705869704
2013-12-24,157.0225855057
2013-12-26,157.781601914
2013-12-27,157.747488817
2013-12-30,157.6707343487
2013-12-31,158.327411466
2014-01-02,156.9287744889
2014-01-03,156.8605482949
2014-01-06,156.4341345824
2014-01-07,157.3978295727
2014-01-08,157.4831123152
2014-01-09,157.5598667835
2014-01-10,157.9692239475
2014-01-13,155.8797967561
2014-01-14,157.542810235
2014-01-15,158.4382790313
2014-01-16,158.1653742553
2014-01-17,157.5598667835
2014-01-21,157.9948087703
2014-01-22,158.1056763355
2014-01-23,156.8093786494
2014-01-24,153.4236537718
2014-01-27,152.6219959923
2014-01-28,153.6112758053
2014-01-29,152.1273560857
2014-01-30,153.7647847419
2014-01-31,152.8010897515
2014-02-03,149.3897800512
2014-02-04,150.4131729613
2014-02-05,150.2170226535
2014-02-06,152.2211671025
2014-02-07,154.2082550029
2014-02-10,154.4214618592
2014-02-11,156.1271167093
2014-02-12,156.2550408231
2014-02-13,157.0140572314
2014-02-14,157.849828108
2014-02-18,158.088619787
2014-02-19,157.0396420542
2014-02-20,157.9265825762
2014-02-21,157.8412998337
2014-02-24,158.5065052253
2014-02-25,158.5832596936
2014-02-26,158.5832596936
2014-02-27,159.4275588444
2014-02-28,159.7686898144
2014-03-03,158.7026555331
2014-03-04,161.0308744035
2014-03-05,160.9626482095
2014-03-06,161.4231750191
2014-03-07,161.5255143101
2014-03-10,161.4572881161
2014-03-11,160.6556303365
2014-03-12,160.6718340576
2014-03-13,158.8561644696
2014-03-14,158.4212224828
2014-03-17,159.8710291054
2014-03-18,161.047930952
2014-03-19,160.16099043
2014-03-20,161.0991005975
2014-03-21,160.4935931257
2014-03-24,159.8198594599
2014-03-25,160.6049220706
2014-03-26,159.4056746926
2014-03-27,159.1315610062
2014-03-28,159.8082791695
2014-03-31,161.1617154961
2014-04-01,162.2239060309
2014-04-02,162.7464352456
2014-04-03,162.592246297
2014-04-04,160.6648844395
2014-04-07,158.8231831091
2014-04-08,159.5341654831
2014-04-09,161.2473760231
2014-04-10,157.8123888905
2014-04-11,156.4161223004
2014-04-14,157.6410678365
2014-04-15,158.7803528456
2014-04-16,160.3993368058
2014-04-17,160.6477523341
2014-04-21,161.2302439177
2014-04-22,161.906962081
2014-04-23,161.5728860257
2014-04-24,161.9155281337
2014-04-25,160.5706578598
2014-04-28,161.1017531272
2014-04-29,161.7870373432
2014-04-30,162.3609628741
2014-05-01,162.2581702417
2014-05-02,162.1211133985
2014-05-05,162.4123591903
2014-05-06,161.0075265475
2014-05-07,161.8898299756
2014-05-08,161.7870373432
2014-05-09,162.078283135
2014-05-12,163.5088139359
2014-05-13,163.7315313061
2014-05-14,162.9177562996
2014-05-15,161.5129236568
2014-05-16,162.1039812931
2014-05-19,162.6436426132
2014-05-20,161.6242823419
2014-05-21,162.9777186685
2014-05-22,163.3888891981
2014-05-23,164.0827394668
2014-05-27,165.0935336854
2014-05-28,164.9479107895
2014-05-29,165.7788179014
2014-05-30,166.0700636932
2014-06-02,166.275648958
2014-06-03,166.1728563256
2014-06-04,166.4726681701
2014-06-05,167.5776889684
2014-06-06,168.4257281857
2014-06-09,168.6141813451
2014-06-10,168.5799171343
2014-06-11,168.0402558142
2014-06-12,166.8067442254
2014-06-13,167.3464055455
2014-06-16,167.5005944941
2014-06-17,167.8946329183
2014-06-18,169.2052389813
2014-06-19,169.3422958245
2014-06-20,169.6592397744
2014-06-23,169.6935039852
2014-06-24,168.6786528841
2014-06-25,169.3671371816
2014-06-26,169.2466524295
2014-06-27,169.7630156526
2014-06-30,169.5392582559
2014-07-01,170.6580452394
2014-07-02,170.82156026
2014-07-03,171.6993777393
2014-07-07,171.1313781939
2014-07-08,170.0298033179
2014-07-09,170.7871360451
2014-07-10,170.0211972642
2014-07-11,170.3138030906
2014-07-14,171.1313781939
2014-07-15,170.82156026
2014-07-16,171.5100445575
2014-07-17,171.2088326774
2014-07-18,171.2088326774
2014-07-21,170.8904086898
2014-07-22,171.6993777393
2014-07-23,172.0350138343
2014-07-24,172.0264077806
2014-07-25,171.2690750534
2014-07-28,171.3293174294
2014-07-29,170.5633786485
2014-07-30,170.6150149708
2014-07-31,167.1725934833
2014-08-01,166.7336847437
2014-08-04,167.9213201569
2014-08-05,166.2689578429
2014-08-06,166.3292002189
2014-08-07,165.4513827396
2014-08-08,167.3619266652
2014-08-11,167.886895942
2014-08-12,167.6459264379
2014-08-13,168.773319475
2014-08-14,169.4962279874
2014-08-15,169.5564703634
2014-08-18,170.9334389584
2014-08-19,171.8714988137
2014-08-20,172.3276196608
2014-08-21,172.7665284004
2014-08-22,172.5169528426
2014-08-25,173.4119824293
2014-08-26,173.5410732351
2014-08-27,173.5066490202
2014-08-28,173.3431339996
2014-08-29,173.8078609004
2014-09-02,173.7390124706
2014-09-03,173.7131943095
2014-09-04,173.420588483
2014-09-05,174.2123454251
2014-09-08,173.7820427392
2014-09-09,172.6976799707
2014-09-10,173.3517400533
2014-09-11,173.5152550739
2014-09-12,172.53416495
2014-09-15,172.3448317682
2014-09-16,173.6701640409
2014-09-17,173.8853153838
2014-09-18,174.797557078
2014-09-19,174.5910117888
2014-09-22,173.3173158384
2014-09-23,172.3620438756
2014-09-24,173.6906533336
2014-09-25,170.8374542893
2014-09-26,172.3072841
2014-09-29,171.8663351568
2014-09-30,171.4167401559
2014-10-01,169.1687651513
2014-10-02,169.1860572667
2014-10-03,171.0363136166
2014-10-06,170.8115161162
2014-10-07,168.2176988032
2014-10-08,171.1400663091
2014-10-09,167.6470589944
2014-10-10,165.8313868753
2014-10-13,163.0300641773
2014-10-14,163.4104907165
2014-10-15,162.1049360023
2014-10-16,162.0530596561
2014-10-17,164.0762371602
2014-10-20,165.6411736057
2014-10-21,168.9007373623
2014-10-22,167.7335195715
2014-10-23,169.7048207293
2014-10-24,170.9152688087
2014-10-27,170.6991173659
2014-10-28,172.635834293
2014-10-29,172.4369749656
2014-10-30,173.6214848719
2014-10-31,175.5063254526
2014-11-03,175.6100781451
2014-11-04,175.0221462209
2014-11-05,176.1461337232
2014-11-06,176.8118801668
2014-11-07,177.0366776673
2014-11-10,177.5035647836
2014-11-11,177.6937780532
2014-11-12,177.5554411299
2014-11-13,177.6678398801
2014-11-14,177.7456543995
2014-11-17,177.8148228612
2014-11-18,178.8955800749
2014-11-19,178.6275522859
2014-11-20,178.9042261326
2014-11-21,179.8725845961
2014-11-24,180.4259322895
2014-11-25,180.3048874816
2014-11-26,180.7371903671
2014-11-28,180.3394717124
2014-12-01,179.1290236331
2014-12-02,180.2530111353
2014-12-03,180.9619878676
2014-12-04,180.7458364248
2014-12-05,181.0830326755
2014-12-08,179.8207082499
2014-12-09,179.6996634419
2014-12-10,176.8982542833
2014-12-11,177.7110701686
2014-12-12,174.8665171821
2014-12-15,173.6301309296
2014-12-16,172.2813459269
2014-12-17,175.6273702606
2014-12-18,179.9331070001
2014-12-19,180.711252194
2014-12-22,181.5585658495
2014-12-23,181.843885754
2014-12-24,181.9071895947
2014-12-26,182.3939210495
2014-12-29,182.7068198419
2014-12-30,181.6638238673
2014-12-31,179.8038143794
2015-01-02,179.6821315157
2015-01-05,176.5270686926
2015-01-06,174.9364998315
2015-01-07,177.1007164786
2015-01-08,180.2644709348
2015-01-09,178.7434351386
2015-01-12,177.3875403716
2015-01-13,176.9268838162
2015-01-14,175.8578129423
2015-01-15,174.2064026493
2015-01-16,176.4401523614
2015-01-20,176.8747340175
2015-01-21,177.7438973296
2015-01-22,180.351387266
2015-01-23,179.3866159895
2015-01-26,179.8646558112
2015-01-27,177.4483818035
2015-01-28,175.1537906595
2015-01-29,176.8312758519
2015-01-30,174.5888345066
2015-02-02,176.7095929882
2015-02-03,179.2214749602
2015-02-04,178.5869857424
2015-02-05,180.4556868635
2015-02-06,179.8733474443
2015-02-09,179.0997920965
2015-02-10,181.0380262826
2015-02-11,181.1249426138
2015-02-12,182.8111194393
2015-02-13,183.6368245858
2015-02-17,183.9671066444
2015-02-18,183.932340112
2015-02-19,183.7845823489
2015-02-20,184.9058030215
2015-02-23,184.8449615897
2015-02-24,185.4012261094
2015-02-25,185.2621599795
2015-02-26,185.0535607846
2015-02-27,184.4451464661
2015-03-02,185.6185169375
2015-03-03,184.7841201578
2015-03-04,184.01056481
2015-03-05,184.2017807387
2015-03-06,181.6377489679
2015-03-09,182.3939210495
2015-03-10,179.4139077175
2015-03-11,179.0302590316
2015-03-12,181.2640087437
2015-03-13,180.1514797042
2015-03-16,182.64597841
2015-03-17,182.0288724584
2015-03-18,184.1757058393
2015-03-19,183.3847672253
2015-03-20,185.0014109859
2015-03-23,184.6972038266
2015-03-24,183.5412166215
2015-03-25,180.9526031739
2015-03-26,180.5071867561
2015-03-27,180.8740002767
2015-03-30,183.0748814003
2015-03-31,181.5115571101
2015-04-01,180.9438695187
2015-04-02,181.4504215233
2015-04-06,182.7779371217
2015-04-07,182.236450496
2015-04-08,182.89147464
2015-04-09,183.6949709232
2015-04-10,184.6556730009
2015-04-13,183.8085084415
2015-04-14,184.1316536858
2015-04-15,185.0748884531
2015-04-16,184.9875519005
2015-04-17,182.8478063637
2015-04-20,184.5246681722
2015-04-21,184.3325277566
2015-04-22,185.2233605923
2015-04-23,185.6862443207
2015-04-24,186.0967261176
2015-04-27,185.3630990764
2015-04-28,185.869651081
2015-04-29,185.1447576951
2015-04-30,183.2757554711
2015-05-01,185.2582952134
2015-05-04,185.8521837705
2015-05-05,183.7037045784
2015-05-06,182.9438765715
2015-05-07,183.6600363022
2015-05-08,186.0530578413
2015-05-11,185.1534913503
2015-05-12,184.5858037589
2015-05-13,184.6556730009
2015-05-14,186.629479088
2015-05-15,186.8216195035
2015-05-18,187.3718397844
2015-05-19,187.3369051634
2015-05-20,187.1534984031
2015-05-21,187.6949850288
2015-05-22,187.3019705424
2015-05-26,185.2670288686
2015-05-27,187.0399608848
2015-05-28,186.7954185378
2015-05-29,185.660043355
2015-06-01,185.9831885993
2015-06-02,185.83471646
2015-06-03,186.3587357752
2015-06-04,184.8565470717
2015-06-05,184.4460652749
2015-06-08,183.3106900921
2015-06-09,183.2495545053
2015-06-10,185.4242346631
2015-06-11,186.0530578413
2015-06-12,184.6382056904
2015-06-15,183.8696440282
2015-06-16,184.8914816928
2015-06-17,185.1447576951
2015-06-18,187.0050262638
2015-06-19,185.8958520468
2015-06-22,187.2233676451
2015-06-23,187.3107041977
2015-06-24,185.9926654886
2015-06-25,185.4042478577
2015-06-26,185.4569419739
2015-06-29,181.5575773749
2015-06-30,181.9879126572
2015-07-01,183.4106537947
2015-07-02,183.1910949772
2015-07-06,182.7080655787
2015-07-07,183.8322067243
2015-07-08,180.7320362211
2015-07-09,181.056983271
2015-07-10,183.3667420312
2015-07-13,185.3866831523
2015-07-14,186.1595301899
2015-07-15,186.0892713683
2015-07-16,187.5471419166
2015-07-17,187.7491360287
2015-07-20,187.8193948503
2015-07-21,187.0904595762
2015-07-22,186.7303831154
2015-07-23,185.7204125549
2015-07-24,183.7707302554
2015-07-27,182.6641538152
2015-07-28,184.9387831646
2015-07-29,186.1770948953
2015-07-30,186.2385713642
2015-07-31,185.9751007832
2015-08-03,185.3427713888
2015-08-04,184.95634787
2015-08-05,185.658936086
2015-08-06,184.1571537742
2015-08-07,183.7092537865
2015-08-10,186.0365772521
2015-08-11,184.3591478863
2015-08-12,184.5347949404
2015-08-13,184.3503655336
2015-08-14,184.9826949281
2015-08-17,186.0717066629
2015-08-18,185.5447655009
2015-08-19,184.0517655418
2015-08-20,180.1436185902
2015-08-21,174.6019540362
2015-08-24,167.3213836476
2015-08-25,165.3541366427
2015-08-26,171.853077641
2015-08-27,176.0773892899
2015-08-28,176.0686069372
2015-08-31,174.54925992
2015-09-01,169.2622835944
2015-09-02,172.6083599732
2015-09-03,172.7576599691
2015-09-04,170.0790423955
2015-09-08,174.4790010984
2015-09-09,172.0550717531
2015-09-10,172.9772187867
2015-09-11,173.8203246459
2015-09-14,173.144083488
2015-09-15,175.313324605
2015-09-16,176.8853657383
2015-09-17,176.4374657506
2015-09-18,173.495377596
2015-09-21,174.4087422768
2015-09-22,172.2131541017
2015-09-23,171.9233364626
2015-09-24,171.3085717736
2015-09-25,171.1957721137
2015-09-28,166.9213974063
2015-09-29,166.9478914644
2015-09-30,170.1978292585
2015-10-01,170.657059599
2015-10-02,173.1563324134
2015-10-05,176.2914626224
2015-10-06,175.6291111698
2015-10-07,177.0774530128
2015-10-08,178.7024219098
2015-10-09,178.8348922003
2015-10-12,178.9938565489
2015-10-13,177.8369493451
2015-10-14,176.9449827222
2015-10-15,179.6562080015
2015-10-16,180.4510297446
2015-10-19,180.5923313879
2015-10-20,180.3273908068
2015-10-21,179.2764598354
2015-10-22,182.2261316376
2015-10-23,184.2750054643
2015-10-26,183.8511005346
2015-10-27,183.4978464266
2015-10-28,185.555551606
2015-10-29,185.4584067263
2015-10-30,184.6194282196
2015-11-02,186.8714231585
2015-11-03,187.3394848516
2015-11-04,186.853760453
2015-11-05,186.6241452828
2015-11-06,186.5534944612
2015-11-09,184.7607298629
2015-11-10,185.2111288506
2015-11-11,184.4957892818
2015-11-12,181.8993715876
2015-11-13,179.8681604664
2015-11-16,182.6500365673
2015-11-17,182.4115900443
2015-11-18,185.3435991411
2015-11-19,185.1669720871
2015-11-20,186.0059505937
2015-11-23,185.6526964857
2015-11-24,185.9176370667
2015-11-25,185.9264684194
2015-11-27,186.085432768
2015-11-30,185.3435991411
2015-12-01,187.1628577976
2015-12-02,185.228791556
2015-12-03,182.597048451
2015-12-04,186.1649149424
2015-12-07,185.0168390912
2015-12-08,183.8069437711
2015-12-09,182.3586019281
2015-12-10,182.8178322686
2015-12-11,179.1793149557
2015-12-14,180.3185594541
2015-12-15,182.0936613471
2015-12-16,184.725404452
2015-12-17,181.9965164674
2015-12-18,178.5876143247
2015-12-21,180.1242696947
2015-12-22,181.7933953552
2015-12-23,184.0807157049
2015-12-24,183.7073817502
2015-12-28,183.2721614385
2015-12-29,185.3684986603
2015-12-30,183.9994157005
2015-12-31,182.1324843918
2016-01-04,179.5810116032
2016-01-05,179.9543978649
2016-01-06,177.5985083563
2016-01-07,173.3490170916
2016-01-08,171.4287448883
2016-01-11,171.6065478701
2016-01-12,172.9311800844
2016-01-13,168.7261395652
2016-01-14,171.4020744411
2016-01-15,167.7926739108
2016-01-19,167.8815754017
2016-01-20,165.9346327512
2016-01-21,166.7969772128
2016-01-22,170.2374649104
2016-01-25,167.6415413763
2016-01-26,169.9174195431
2016-01-27,168.0949389798
2016-01-28,169.010624336
2016-01-29,173.0200815753
2016-02-01,173.0023012771
2016-02-02,169.8818589468
2016-02-03,170.7886541539
2016-02-04,171.1620404156
2016-02-05,167.8904655508
2016-02-08,165.6323676821
2016-02-09,165.5701366385
2016-02-10,165.4901252967
2016-02-11,163.427610708
2016-02-12,166.7347461692
2016-02-16,169.508472685
2016-02-17,172.3177597972
2016-02-18,171.6243281683
2016-02-19,171.5176463792
2016-02-22,173.9979979751
2016-02-23,171.8821424919
2016-02-24,172.6644756117
2016-02-25,174.6914296041
2016-02-26,174.380274386
2016-02-29,172.9222899353
2016-03-01,177.0828797091
2016-03-02,177.8652128289
2016-03-03,178.4964134143
2016-03-04,179.1187238505
2016-03-07,179.2965268323
2016-03-08,177.2517925418
2016-03-09,178.167477898
2016-03-10,178.265269538
2016-03-11,181.2167990356
2016-03-14,180.9678748611
2016-03-15,180.6656097921
2016-03-16,181.8213291737
2016-03-17,182.9681584062
2016-03-18,183.643809737
2016-03-21,183.9105142096
2016-03-22,183.8038324206
2016-03-23,182.6198717024
2016-03-24,182.5126059921
2016-03-28,182.6288105115
2016-03-29,184.3718783031
2016-03-30,185.1495547024
2016-03-31,184.7204918614
2016-04-01,185.9004146742
2016-04-04,185.2925756494
2016-04-05,183.4779973844
2016-04-06,185.462413024
2016-04-07,183.2187719179
2016-04-08,183.7640392784
2016-04-11,183.2455883455
2016-04-12,185.0512278014
2016-04-13,186.9105001124
2016-04-14,186.9283777308
2016-04-15,186.6333970276
2016-04-18,187.9920960241
2016-04-19,188.5641798121
2016-04-20,188.7072007591
2016-04-21,187.7686257944
2016-04-22,187.7418093668
2016-04-25,187.4110734269
2016-04-26,187.7239317485
2016-04-27,188.0725453068
2016-04-28,186.4456820346
2016-04-29,185.4445354056
2016-05-02,186.892622494
2016-05-03,185.2568204127
2016-05-04,184.2020409286
2016-05-05,184.1484080734
2016-05-06,184.8635128084
2016-05-09,185.0422889922
2016-05-10,187.2859300983
2016-05-11,185.5428623067
2016-05-12,185.6322503986
2016-05-13,183.9159990346
2016-05-16,185.7752713456
2016-05-17,184.1394692643
2016-05-18,184.1573468826
2016-05-19,183.5048138119
2016-05-20,184.6221649604
2016-05-23,184.3718783031
2016-05-24,186.7674791654
2016-05-25,188.0278512608
2016-05-26,188.0993617343
2016-05-27,188.8770381337
2016-05-31,188.5820574305
2016-06-01,188.939609798
2016-06-02,189.5563876319
2016-06-03,188.9217321796
2016-06-06,189.9675728546
2016-06-07,190.1910430842
2016-06-08,190.798882109
2016-06-09,190.5754118793
2016-06-10,188.7787112326
2016-06-13,187.2859300983
2016-06-14,186.9462553492
2016-06-15,186.6155194092
2016-06-16,187.223358434
2016-06-17,186.5171925081
2016-06-20,187.750748176
2016-06-21,188.2672727955
2016-06-22,187.9529251881
2016-06-23,190.4048365263
2016-06-24,183.659835006
2016-06-27,180.1930299636
2016-06-28,183.5610400437
2016-06-29,186.6326652367
2016-06-30,189.0576324943
2016-07-01,189.6234581878
2016-07-05,188.285235516
2016-07-06,189.3629987416
2016-07-07,189.2013342577
2016-07-08,192.0753695261
2016-07-11,192.8028597034
2016-07-12,194.1590450956
2016-07-13,194.1410823752
2016-07-14,195.2098642406
2016-07-15,194.9224607137
2016-07-18,195.4613423266
2016-07-19,195.2457896814
2016-07-20,196.0720748211
2016-07-21,195.3625473642
2016-07-22,196.2157765845
2016-07-25,195.7128204125
2016-07-26,195.7936526545
2016-07-27,195.5960627298
2016-07-28,195.8295780953
2016-07-29,196.1259629824
2016-08-01,195.901428977
2016-08-02,194.7428335095
2016-08-03,195.3176405631
2016-08-04,195.4972677674
2016-08-05,197.0510430843
2016-08-08,196.9432667618
2016-08-09,197.0690058048
2016-08-10,196.5840123532
2016-08-11,197.4911297348
2016-08-12,197.329465251
2016-08-15,197.9222350251
2016-08-16,196.9163226811
2016-08-17,197.2755770897
2016-08-18,197.7336264606
2016-08-19,197.4282602133
2016-08-22,197.3653906918
2016-08-23,197.7785332616
2016-08-24,196.8444717994
2016-08-25,196.6468818747
2016-08-26,196.2966088264
2016-08-29,197.2306702886
2016-08-30,196.9253040414
2016-08-31,196.3774410683
2016-09-01,196.3954037888
2016-09-02,197.2576143693
2016-09-06,197.9222350251
2016-09-07,197.8863095842
2016-09-08,197.4192788531
2016-09-09,192.6861020206
2016-09-12,195.4613423266
2016-09-13,192.6232324991
2016-09-14,192.5154561765
2016-09-15,194.4644113429
2016-09-16,193.6560889236
2016-09-19,193.754883886
2016-09-20,193.7728466064
2016-09-21,195.9373544179
2016-09-22,197.1408566865
2016-09-23,196.1080002619
2016-09-26,194.4941324601
2016-09-27,195.6767145604
2016-09-28,196.7058318081
2016-09-29,194.9364723297
2016-09-30,196.3989021026
2016-10-03,195.794070036
2016-10-04,194.9364723297
2016-10-05,195.794070036
2016-10-06,195.9836442659
2016-10-07,195.2163200023
2016-10-10,196.2003005285
2016-10-11,193.7809722621
2016-10-12,194.0247105576
2016-10-13,193.4289058353
2016-10-14,193.4469605239
2016-10-17,192.8060190802
2016-10-18,193.9976285248
2016-10-19,194.4760777715
2016-10-20,194.1420660332
2016-10-21,194.232339476
2016-10-24,195.0899371824
2016-10-25,194.4670504272
2016-10-26,194.0608199347
2016-10-27,193.5282066224
2016-10-28,192.9594839329
2016-10-31,192.9053198672
2016-11-01,191.5873276027
2016-11-02,190.3866908138
2016-11-03,189.5922845174
2016-11-04,189.2763274676
2016-11-07,193.4740425567
2016-11-08,194.3677496402
2016-11-09,196.5162575782
2016-11-10,196.9044333822
2016-11-11,196.5523669554
2016-11-14,196.606531021
2016-11-15,198.168261581
2016-11-16,197.9154959413
2016-11-17,198.8092030247
2016-11-18,198.4119998765
2016-11-21,199.8563749609
2016-11-22,200.1903866992
2016-11-23,200.4070429619
2016-11-25,201.1382578484
2016-11-28,200.2535781092
2016-11-29,200.5785625031
2016-11-30,199.9827577808
2016-12-01,199.2605702386
2016-12-02,199.4230624356
2016-12-05,200.5785625031
2016-12-06,201.3007500454
2016-12-07,203.9006251973
2016-12-08,204.3881017883
2016-12-09,205.6880393642
2016-12-12,205.4352737245
2016-12-13,206.7713206776
2016-12-14,205.2095901175
2016-12-15,205.8956682826
2016-12-16,205.5797112329
2016-12-19,205.9588596926
2016-12-20,206.7713206776
2016-12-21,206.2604542375
2016-12-22,205.9608418161
2016-12-23,206.0970292804
2016-12-27,206.6780957947
2016-12-28,204.9802920733
2016-12-29,204.9621337447
2016-12-30,204.272117259
2017-01-03,205.7157043804
2017-01-04,206.9595498875
2017-01-05,206.7688874375
2017-01-06,207.5860122232
2017-01-09,206.9141540661
2017-01-10,206.8233624232
2017-01-11,207.3771914447
2017-01-12,206.9777082161
2017-01-13,207.3590331161
2017-01-17,206.6780957947
2017-01-18,207.0775790232
2017-01-19,206.4148000304
2017-01-20,207.0957373518
2017-01-23,206.6145416447
2017-01-24,207.8765454804
2017-01-25,209.5652700375
2017-01-26,209.5017158875
2017-01-27,209.1839451375
2017-01-30,207.9400996304
2017-01-31,207.8493079875
2017-02-01,207.9582579589
2017-02-02,208.0308912732
2017-02-03,209.5380325446
2017-02-06,209.1657868089
2017-02-07,209.1567076446
2017-02-08,209.4109242446
2017-02-09,210.6366114231
2017-02-10,211.4628153731
2017-02-13,212.634027566
2017-02-14,213.4874690088
2017-02-15,214.576968723
2017-02-16,214.4680187516
2017-02-17,214.7131561873
2017-02-21,216.0114766802
2017-02-22,215.8843683802
2017-02-23,216.0568725016
2017-02-24,216.3201682659
2017-02-27,216.6560973444
2017-02-28,216.1113474873
2017-03-01,219.0076008944
2017-03-02,217.7455970587
2017-03-03,217.8727053587
2017-03-06,217.2371638587
2017-03-07,216.6016223587
2017-03-08,216.165822473
2017-03-09,216.3746432516
2017-03-10,217.1282138873
2017-03-13,217.2553221873
2017-03-14,216.483593223
2017-03-15,218.2540302587
2017-03-16,217.9725761658
2017-03-17,217.5276971158
2017-03-20,217.2312624019
2017-03-21,214.5043354088
2017-03-22,214.9764519516
2017-03-23,214.7403936802
2017-03-24,214.6515785714
2017-03-27,214.3415333838
2017-03-28,215.9191162502
2017-03-29,216.2382804139
2017-03-30,216.7854189803
2017-03-31,216.3659460794
2017-04-03,216.0011870352
2017-04-04,216.1014957723
2017-04-05,215.4631674449
2017-04-06,216.0285439635
2017-04-07,215.8279264891
2017-04-10,215.9829490829
2017-04-11,215.7093797998
2017-04-12,214.8339580935
2017-04-13,213.4113978209
2017-04-17,215.2625499705
2017-04-18,214.615102667
2017-04-19,214.2412246466
2017-04-20,215.8735213697
2017-04-21,215.3263828033
2017-04-24,217.615245806
2017-04-25,218.901021437
2017-04-26,218.809831676
2017-04-27,218.9374973415
2017-04-28,218.4541916078
2017-05-01,219.0560440308
2017-05-02,219.1381148158
2017-05-03,218.9192593892
2017-05-04,219.065163007
2017-05-05,220.0044175459
2017-05-08,219.922346761
2017-05-09,219.758205191
2017-05-10,220.1138452592
2017-05-11,219.7126103105
2017-05-12,219.3752081946
2017-05-15,220.4877232796
2017-05-16,220.3053437574
2017-05-17,216.4297789122
2017-05-18,217.2048918812
2017-05-19,218.727760891
2017-05-22,219.7673241672
2017-05-23,220.2415109247
2017-05-24,220.7886494911
2017-05-25,221.8373317433
2017-05-26,221.8008558389
2017-05-30,221.6640711973
2017-05-31,221.4999296274
2017-06-01,223.3146058726
2017-06-02,224.0258860089
2017-06-05,223.8799823912
2017-06-06,223.2781299682
2017-06-07,223.6428890124
2017-06-08,223.7067218452
2017-06-09,223.3602007531
2017-06-12,223.3328438248
2017-06-13,224.4271209576
2017-06-14,224.1809086027
2017-06-15,223.7614357018
2017-06-16,223.5790561797
2017-06-19,225.5943498992
2017-06-20,224.1261947461
2017-06-21,224.035004985
2017-06-22,223.9620531762
2017-06-23,224.1900275788
2017-06-26,224.3268122204
2017-06-27,222.6461657741
2017-06-28,224.533308226
2017-06-29,222.6370048884
2017-06-30,222.9851185446
2017-07-03,223.4065192863
2017-07-05,223.8828853421
2017-07-06,221.8674904906
2017-07-07,223.2599451153
2017-07-10,223.4706454861
2017-07-11,223.3607148578
2017-07-12,225.0371569388
2017-07-13,225.385270595
2017-07-14,226.3654853637
2017-07-17,226.4112897921
2017-07-18,226.6036683916
2017-07-19,227.7579399883
2017-07-20,227.8678706166
2017-07-21,227.6938137885
2017-07-24,227.6388484744
2017-07-25,228.1701798443
2017-07-26,228.2343060441
2017-07-27,228.0236056733
2017-07-28,227.7029746742
2017-07-31,227.6113658173
2017-08-01,228.0968927588
2017-08-02,228.2159842728
2017-08-03,227.8129053025
2017-08-04,228.1610189586
2017-08-07,228.5824197003
2017-08-08,228.0785709874
2017-08-09,228.032766559
2017-08-10,224.8722609964
2017-08-11,225.1012831387
2017-08-14,227.3457001323
2017-08-15,227.327378361
2017-08-16,227.739618217
2017-08-17,224.2584816553
2017-08-18,223.7546329424
2017-08-21,224.0661030559
2017-08-22,226.2738765068
2017-08-23,225.4952012233
2017-08-24,225.0738004816
2017-08-25,225.5226838803
2017-08-28,225.5684883088
2017-08-29,225.8524757651
2017-08-30,226.9426211621
2017-08-31,228.2343060441
2017-09-01,228.6282241287
2017-09-05,226.9884255905
2017-09-06,227.7487791026
2017-09-07,227.7487791026
2017-09-08,227.3640219037
2017-09-11,229.8466219253
2017-09-12,230.6711016373
2017-09-13,230.7718713799
2017-09-14,230.6894234087
2017-09-15,230.9825717507
2017-09-18,231.5047422349
2017-09-19,231.7246034915
2017-09-20,231.8620167768
2017-09-21,231.1841112358
2017-09-22,231.1932721215
2017-09-25,230.7535496085
2017-09-26,230.8853949075
2017-09-27,231.7877585646
2017-09-28,232.0363689599
2017-09-29,232.8926936548
2017-10-02,233.8503040664
2017-10-03,234.4027716116
2017-10-04,234.7066287614
2017-10-05,236.0693820394
2017-10-06,235.8207716441
2017-10-09,235.4248365701
2017-10-10,236.0325508697
2017-10-11,236.3732391892
2017-10-12,236.0325508697
2017-10-13,236.2995768499
2017-10-16,236.6863041315
2017-10-17,236.8336288102
2017-10-18,237.0362002434
2017-10-19,237.1282781676
2017-10-20,238.3437067669
2017-10-23,237.4321353174
2017-10-24,237.7912392218
2017-10-25,236.6770963391
2017-10-26,236.9625379041
2017-10-27,238.8593431424
2017-10-30,238.0398496171
2017-10-31,238.3068755972
2017-11-01,238.6936028788
2017-11-02,238.8225119727
2017-11-03,239.5683431586
2017-11-06,239.9734860251
2017-11-07,239.8537847236
2017-11-08,240.2681353825
2017-11-09,239.3933951027
2017-11-10,239.2276548391
2017-11-13,239.4946808193
2017-11-14,239.0158756135
2017-11-15,237.7267846748
2017-11-16,239.7156678374
2017-11-17,239.0619145756
2017-11-20,239.4394340648
2017-11-21,240.9955509836
2017-11-22,240.8206029276
2017-11-24,241.3270315107
2017-11-27,241.2533691713
2017-11-28,243.68422637
2017-11-29,243.5276938988
2017-11-30,245.7467718718
2017-12-01,245.1666809494
2017-12-04,244.9088627617
2017-12-05,243.9972913122
2017-12-06,244.0525380667
2017-12-07,244.7891614602
2017-12-08,246.124291361
2017-12-11,246.9714082636
2017-12-12,247.3489277527
2017-12-13,247.2936809982
2017-12-14,246.3360705866
2017-12-15,248.4170316733
2017-12-18,249.9639407997
2017-12-19,248.9811719369
2017-12-20,248.8516532505
2017-12-21,249.3512253267
2017-12-22,249.2864659835
2017-12-26,248.9719206022
2017-12-27,249.1291932928
2017-12-28,249.59176003
2017-12-29,248.7221345641
2018-01-02,250.5724015127
2018-01-03,252.0248610674
2018-01-04,253.116518567
2018-01-05,254.7169994776
2018-01-08,255.2813308969
2018-01-09,255.8641649857
2018-01-10,255.457106257
2018-01-11,257.2703678666
2018-01-12,258.9541107898
2018-01-16,258.0197259808
2018-01-17,260.5915970393
2018-01-18,260.2030409801
2018-01-19,261.3409551535
2018-01-22,263.4132541359
2018-01-23,264.023842229
2018-01-24,263.8850722078
2018-01-25,263.98683689
2018-01-26,267.0490286899
2018-01-29,265.282023754
2018-01-30,262.4141099837
2018-01-31,262.8766767208
2018-02-01,262.5436286701
2018-02-02,256.752293121
2018-02-05,246.1317608361
2018-02-06,250.9517062372
2018-02-07,249.4067333351
2018-02-08,240.1831525964
2018-02-09,243.9299431673
2018-02-12,247.1771616621
2018-02-13,247.898765772
2018-02-14,251.3125082922
2018-02-15,254.4302081005
2018-02-16,254.4949674437
2018-02-20,252.9407432069
2018-02-21,251.6363050082
2018-02-22,251.9786043937
2018-02-23,256.0029350068
2018-02-26,259.0003674636
2018-02-27,255.780902973
2018-02-28,252.8759838637
2018-03-01,249.5084980173
2018-03-02,250.8961982287
2018-03-05,253.6715986516
2018-03-06,254.3654487573
2018-03-07,254.2729354099
2018-03-08,255.457106257
2018-03-09,259.7959822514
2018-03-12,259.5832015524
2018-03-13,257.8994586291
2018-03-14,256.5765177609
2018-03-15,256.3082290534
2018-03-16,256.5395124219
2018-03-19,253.0980158976
2018-03-20,253.5420799652
2018-03-21,253.0795132281
2018-03-22,246.7317219209
2018-03-23,241.4898229808
2018-03-26,248.1537264206
2018-03-27,243.804065598
2018-03-28,243.153475304
2018-03-29,246.6387804504
2018-04-02,240.9135858633
2018-04-03,244.0457134215
2018-04-04,246.8804282738
2018-04-05,248.5998454794
2018-04-06,243.1070045687
2018-04-09,244.1572431862
2018-04-10,248.1258439795
2018-04-11,246.7781926562
2018-04-12,248.8879640381
2018-04-13,248.1258439795
2018-04-16,250.1891446261
2018-04-17,252.8658589785
2018-04-18,252.9773887432
2018-04-19,251.6111491258
2018-04-20,249.4920835968
2018-04-23,249.4920835968
2018-04-24,246.1926613916
2018-04-25,246.6852511856
2018-04-26,249.2225533322
2018-04-27,249.4456128616
2018-04-30,247.5124302737
2018-05-01,247.9957259207
2018-05-02,246.2670145681
2018-05-03,245.7372481858
2018-05-04,248.9158464793
2018-05-07,249.8173787438
2018-05-08,249.7151431262
2018-05-09,252.2803277139
2018-05-10,254.5666878899
2018-05-11,255.0964542722
2018-05-14,255.4217494192
2018-05-15,253.5536258607
2018-05-16,254.7525708311
2018-05-17,254.5480995958
2018-05-18,253.925391743
2018-05-21,255.7842211544
2018-05-22,255.0964542722
2018-05-23,255.8213977426
2018-05-24,255.3566903898
2018-05-25,254.6410410664
2018-05-29,251.806326214
2018-05-30,255.1708074486
2018-05-31,253.4792726843
2018-06-01,256.0816338602
2018-06-04,257.2712846835
2018-06-05,257.5036383599
2018-06-06,259.7156453595
2018-06-07,259.5483507125
2018-06-08,260.2732941829
2018-06-11,260.7101190946
2018-06-12,261.0632966827
2018-06-13,260.1617644182
2018-06-14,260.8960020357
2018-06-15,260.5242361534
2018-06-18,259.957293183
2018-06-19,258.9999960361
2018-06-20,259.5390565654
2018-06-21,257.7452861834
2018-06-22,258.2750525657
2018-06-25,254.7525708311
2018-06-26,255.3578168404
2018-06-27,253.1634596181
2018-06-28,254.7508669704
2018-06-29,254.9656338475
2018-07-02,255.6846360012
2018-07-03,254.6668277576
2018-07-05,256.8518472896
2018-07-06,258.8501130154
2018-07-09,261.2779124954
2018-07-10,262.2303569068
2018-07-11,260.2787796325
2018-07-12,262.5198253063
2018-07-13,262.7906183252
2018-07-16,262.6972414221
2018-07-17,263.7617381172
2018-07-18,264.3406749163
2018-07-19,263.2481651503
2018-07-20,262.9680344411
2018-07-23,263.453594337
2018-07-24,264.7702086704
2018-07-25,267.2260212213
2018-07-26,266.3015898808
2018-07-27,264.5927925546
2018-07-30,263.1080997957
2018-07-31,264.5180910321
2018-08-01,264.1445834198
2018-08-02,265.4051716113
2018-08-03,266.6377467319
2018-08-06,267.6648926657
2018-08-07,268.430583271
2018-08-08,268.3372063679
2018-08-09,268.0944264199
2018-08-10,266.1895375972
2018-08-13,265.2931193276
2018-08-14,266.9925789636
2018-08-15,264.8635855735
2018-08-16,267.1513196988
2018-08-17,268.0290625877
2018-08-20,268.6827009093
2018-08-21,269.1402477343
2018-08-22,269.130910044
2018-08-23,268.673363219
2018-08-24,270.344809784
2018-08-27,272.4831408644
2018-08-28,272.5578423869
2018-08-29,274.0985612876
2018-08-30,272.9313499992
2018-08-31,273.0714153538
2018-09-04,272.6138685287
2018-09-05,271.8761909944
2018-09-06,271.0824873183
2018-09-07,270.4195113065
2018-09-10,271.0264611765
2018-09-11,271.9322171363
2018-09-12,271.9508925169
2018-09-13,273.5196244886
2018-09-14,273.5102867983
2018-09-17,272.1376463231
2018-09-18,273.6596898432
2018-09-19,273.8557813396
2018-09-20,276.1715285359
2018-09-21,275.7980209236
2018-09-24,274.9669664862
2018-09-25,274.6774980867
2018-09-26,273.8719999739
2018-09-27,274.6222828312
2018-09-28,274.5378760098
2018-10-01,275.6070290814
2018-10-02,275.4944866528
2018-10-03,275.6820573671
2018-10-04,273.6094009739
2018-10-05,271.9118860093
2018-10-08,271.921264545
2018-10-09,271.593015795
2018-10-10,262.8334634364
2018-10-11,257.2813702926
2018-10-12,260.7514285075
2018-10-15,259.3446481501
2018-10-16,265.0561764011
2018-10-17,264.9999051868
2018-10-18,261.2015982218
2018-10-19,260.9765133647
2018-10-22,259.9917671145
2018-10-23,258.4443087214
2018-10-24,250.5382031129
2018-10-25,255.1149285423
2018-10-26,250.5006889701
2018-10-29,249.1032871484
2018-10-30,253.0891648276
2018-10-31,255.8089401852
2018-11-01,258.3036306856
2018-11-02,256.8687147211
2018-11-05,258.4443087214
2018-11-06,259.9354959002
2018-11-07,265.5344817226
2018-11-08,264.9623910439
2018-11-09,262.5614859006
2018-11-12,257.4501839355
2018-11-13,257.0750425069
2018-11-14,255.2931207209
2018-11-15,257.8722180427
2018-11-16,258.6037438286
2018-11-19,254.2802388636
2018-11-20,249.5628353985
2018-11-21,250.36938947
2018-11-23,248.8219310769
2018-11-26,252.7234019347
2018-11-27,253.5205774706
2018-11-28,259.4384335073
2018-11-29,258.9132355072
2018-11-30,260.7232929003
2018-12-03,263.8838594366
2018-12-04,255.5932338638
2018-12-06,254.9273578279
2018-12-07,249.0939086127
2018-12-10,249.4690500413
2018-12-11,249.5159427199
2018-12-12,250.866451863
2018-12-13,250.6319884701
2018-12-14,246.0927771836
2018-12-17,241.1147845387
2018-12-18,241.0864902163
2018-12-19,237.4270911785
2018-12-20,233.3621401855
2018-12-21,228.5709682494
2018-12-24,222.6668862967
2018-12-26,233.5884947651
2018-12-27,235.8426091209
2018-12-28,235.4580760747
2018-12-31,237.6112241654
2019-01-02,237.7151041171
2019-01-03,231.7750596038
2019-01-04,239.9249139996
2019-01-07,241.5397750677
2019-01-08,243.9195703258
2019-01-09,245.052806163
2019-01-10,246.0160566246
2019-01-11,245.8838457769
2019-01-14,244.6939481479
2019-01-15,247.3381651013
2019-01-16,247.9897757077
2019-01-17,249.8123966792
2019-01-18,253.155442399
2019-01-22,249.7840657833
2019-01-23,250.1429237984
2019-01-24,250.3884582298
2019-01-25,252.6171553763
2019-01-28,250.5867745013
2019-01-29,250.2373601182
2019-01-30,254.2509037083
2019-01-31,256.4418263269
2019-02-01,256.5834808065
2019-02-04,258.424989042
2019-02-05,259.5298939832
2019-02-06,259.1427050722
2019-02-07,256.7062480222
2019-02-08,256.9895569815
2019-02-11,257.1312114612
2019-02-12,260.4742571809
2019-02-13,261.2675222669
2019-02-14,260.6725734524
2019-02-15,263.6284302611
2019-02-19,263.9967319082
2019-02-20,264.5066880349
2019-02-21,263.675648421
2019-02-22,265.1960731692
2019-02-25,265.6115929762
2019-02-26,265.4132767047
2019-02-27,265.281065857
2019-02-28,264.7238915704
2019-03-01,266.6031743338
2019-03-04,265.5171566565
2019-03-05,265.1771859053
2019-03-06,263.4867757815
2019-03-07,261.3619585867
2019-03-08,260.833115196
2019-03-11,264.6200116187
2019-03-12,265.5549311844
2019-03-13,267.3964394198
2019-03-14,267.2642285721
2019-03-15,268.4635698332
2019-03-18,269.5307002465
2019-03-19,269.6534674622
2019-03-20,268.6898420884
2019-03-21,271.7048874247
2019-03-22,266.5755178432
2019-03-25,266.3384859771
2019-03-26,268.2821472788
2019-03-27,266.9737313782
2019-03-28,268.0261528635
2019-03-29,269.7991512216
2019-04-01,272.9184905789
2019-04-02,272.9848595014
2019-04-03,273.4778857828
2019-04-04,274.1320937331
2019-04-05,275.3836219859
2019-04-08,275.6870227745
2019-04-09,274.2648315781
2019-04-10,275.1655526691
2019-04-11,275.1465901198
2019-04-12,277.0049199497
2019-04-15,276.7773693583
2019-04-16,276.9859574005
2019-04-17,276.255899253
2019-04-18,276.8532195555
2019-04-22,277.1376577947
2019-04-23,279.5459015539
2019-04-24,278.9580625261
2019-04-25,278.7873995825
2019-04-26,280.1432218563
2019-04-29,280.4466226449
2019-04-30,280.5888417645
2019-05-01,278.5598489911
2019-05-02,278.0478601604
2019-05-03,280.655210687
2019-05-06,279.6027892017
2019-05-07,274.8716331552
2019-05-08,274.5018634442
2019-05-09,273.7433614728
2019-05-10,274.956964627
2019-05-13,268.1304468845
2019-05-14,270.5197280944
2019-05-15,272.1410260582
2019-05-16,274.5397885427
2019-05-17,272.9658969521
2019-05-20,271.1454922208
2019-05-21,273.5158108814
2019-05-22,272.7288650861
2019-05-23,269.3250874895
2019-05-24,269.9887767144
2019-05-28,267.4477951103
2019-05-29,265.7032405761
2019-05-30,266.3005608786
2019-05-31,262.9157458313
2019-06-03,262.0434685642
2019-06-04,267.7891209974
2019-06-05,270.0835894608
2019-06-06,271.8850316429
2019-06-07,274.6440825638
2019-06-10,275.9050920912
2019-06-11,275.857685718
2019-06-12,275.2319215916
2019-06-13,276.4929311191
2019-06-14,276.1421239573
2019-06-17,276.3959803452
2019-06-18,278.9811708841
2019-06-19,279.7347873142
2019-06-20,282.3867539925
2019-06-21,281.9574788108
2019-06-24,281.6712953563
2019-06-25,278.9430130901
2019-06-26,278.6282112902
2019-06-27,279.7729451082
2019-06-28,281.1752440352
2019-07-01,283.6268822953
2019-07-02,284.4949721072
2019-07-03,286.6413480159
2019-07-05,286.2788489735
2019-07-08,284.8002344587
2019-07-09,285.2581279859
2019-07-10,286.565032428
2019-07-11,287.0706231976
2019-07-12,288.558777161
2019-07-15,288.5301588155
2019-07-16,287.5571350703
2019-07-17,285.6874031676
2019-07-18,286.8035186401
2019-07-19,285.1341151556
2019-07-22,285.7827976524
2019-07-23,287.8242396278
2019-07-24,289.2074596578
2019-07-25,287.8147001793
2019-07-26,289.7798265668
2019-07-29,289.2551569002
2019-07-30,288.5492377125
2019-07-31,285.4489169555
2019-08-01,282.8637264166
2019-08-02,280.8604422352
2019-08-05,272.4180303278
2019-08-06,276.0525601998
2019-08-07,276.3196647573
2019-08-08,281.6808348048
2019-08-09,279.849260696
2019-08-12,276.4627564846
2019-08-13,280.7268899565
2019-08-14,272.4466486733
2019-08-15,273.152567861
2019-08-16,277.1972940178
2019-08-19,280.5265615383
2019-08-20,278.3515672842
2019-08-21,280.6314954716
2019-08-22,280.5265615383
2019-08-23,273.2765806913
2019-08-26,276.3196647573
2019-08-27,275.2607859757
2019-08-28,277.1209784299
2019-08-29,280.7268899565
2019-08-30,280.717350508
2019-09-03,278.9430130901
2019-09-04,282.1387283319
2019-09-05,285.8304948948
2019-09-06,286.0212838645
2019-09-09,286.1548361433
2019-09-10,286.1357572463
2019-09-11,288.2058175671
2019-09-12,289.1216046215
2019-09-13,288.9212762033
2019-09-16,288.0722652883
2019-09-17,288.7686450276
2019-09-18,288.9785128942
2019-09-19,288.9403551003
2019-09-20,287.3472672036
2019-09-23,287.4998983794
2019-09-24,285.222546797
2019-09-25,286.8331611582
2019-09-26,286.2579417435
2019-09-27,284.7336102944
2019-09-30,286.1908328118
2019-10-01,282.7299293331
2019-10-02,277.6679984834
2019-10-03,279.9784631326
2019-10-04,283.7940852504
2019-10-07,282.5190155477
2019-10-08,278.1473479957
2019-10-09,280.7837703133
2019-10-10,282.7682772941
2019-10-11,285.5868524263
2019-10-14,285.3951126214
2019-10-15,288.2041007633
2019-10-16,287.6768162998
2019-10-17,288.4821234805
2019-10-18,287.2262277583
2019-10-21,289.2874306611
2019-10-22,288.2807966853
2019-10-23,289.1148648367
2019-10-24,289.6325623099
2019-10-25,290.7830011394
2019-10-28,292.4127894812
2019-10-29,292.3169195787
2019-10-30,293.2372706423
2019-10-31,292.3744415202
2019-11-01,295.2313646134
2019-11-04,296.3434554819
2019-11-05,295.9887368428
2019-11-06,296.1229547062
2019-11-07,297.1775236332
2019-11-08,297.8390259602
2019-11-11,297.3500894577
2019-11-12,297.8581999407
2019-11-13,298.0211787748
2019-11-14,298.4430063457
2019-11-15,300.6576010924
2019-11-18,300.7918189558
2019-11-19,300.7247100241
2019-11-20,299.6126191556
2019-11-21,299.1812045946
2019-11-22,299.823532941
2019-11-25,302.086062639
2019-11-26,302.6900430245
2019-11-27,304.1472655418
2019-11-29,303.0064137026
2019-12-02,300.4658612875
2019-12-03,298.3950713944
2019-12-04,300.2453605118
2019-12-05,300.878101868
2019-12-06,303.5624591368
2019-12-09,302.6612820537
2019-12-10,302.3449113756
2019-12-11,303.1118705953
2019-12-12,305.796227864
2019-12-13,305.9016847567
2019-12-16,308.0866451579
2019-12-17,308.1155897882
2019-12-18,308.1348862085
2019-12-19,309.4566909932
2019-12-20,311.0389974509
2019-12-23,311.2609062833
2019-12-24,311.2994991238
2019-12-26,312.9107502118
2019-12-27,312.8528609511
2019-12-30,311.1644241823
2019-12-31,311.8687435201
2020-01-02,314.8403922333
2020-01-03,312.4186914963
2020-01-06,313.65366239
2020-01-07,312.7949716905
2020-01-08,314.3869263582
2020-01-09,316.5095325819
2020-01-10,315.6315454621
2020-01-13,317.8409855768
2020-01-14,317.3489268613
2020-01-15,318.0628944092
2020-01-16,320.7065039787
2020-01-17,321.7678070906
2020-01-21,321.0731359628
2020-01-22,321.1406734336
2020-01-23,321.536250048
2020-01-24,318.6128423854
2020-01-27,313.4414017677
2020-01-28,316.7796824649
2020-01-29,316.5577736324
2020-01-30,317.5129464331
2020-01-31,311.8687435201
2020-02-03,314.1071282651
2020-02-04,318.9794743695
2020-02-05,322.5300156891
2020-02-06,323.7649865829
2020-02-07,322.0090123433
2020-02-10,324.3921202399
2020-02-11,324.9903092665
2020-02-12,327.0743226498
2020-02-13,326.6690978253
2020-02-14,327.1418601206
2020-02-18,326.3603551018
2020-02-19,327.9233651393
2020-02-20,326.5822639343
2020-02-21,323.2246868168
2020-02-24,312.4379879165
2020-02-25,303.0695759019
2020-02-26,301.9021424789
2020-02-27,288.201684126
2020-02-28,285.5001852959
2020-03-02,299.4804417419
2020-03-03,290.8935347461
2020-03-04,303.6774131387
2020-03-05,293.0740302304
2020-03-06,288.1920359159
2020-03-09,265.1328137586
2020-03-10,279.3639236674
2020-03-11,265.7792438358
2020-03-12,240.2018388404
2020-03-13,261.9971454736
2020-03-16,231.6728211052
2020-03-17,246.4056379396
2020-03-18,232.6858831665
2020-03-19,233.5445738661
2020-03-20,223.0280248488
2020-03-23,216.7470400687
2020-03-24,237.2301901272
2020-03-25,240.2417399781
2020-03-26,254.7065313697
2020-03-27,246.8139975433
2020-03-30,254.696823456
2020-03-31,250.8524896365
2020-04-01,239.5913097612
2020-04-02,245.2121917852
2020-04-03,241.7464665994
2020-04-06,258.0363457639
2020-04-07,258.1431328144
2020-04-08,266.9676263546
2020-04-09,270.9672867931
2020-04-13,268.3655659254
2020-04-14,276.5105055076
2020-04-15,270.4333515404
2020-04-16,271.8701227659
2020-04-17,279.1801817712
2020-04-20,274.2097299641
2020-04-21,265.8609241945
2020-04-22,271.8798306796
2020-04-23,271.8021673701
2020-04-24,275.6076695348
2020-04-27,279.772364506
2020-04-28,278.2676378847
2020-04-29,285.5388652352
2020-04-30,282.6556148706
2020-05-01,275.2484767285
2020-05-04,276.3163472339
2020-05-05,278.753033569
2020-05-06,276.9182378824
2020-05-07,280.1995127081
2020-05-08,284.8884350183
2020-05-11,284.8787271046
2020-05-12,279.0733947206
2020-05-13,274.2873932736
2020-05-14,277.5686680993
2020-05-15,278.7724493964
2020-05-18,287.3930767492
2020-05-19,284.4321630751
2020-05-20,289.2861199179
2020-05-21,287.1697947344
2020-05-22,287.7522695556
2020-05-26,291.4024451014
2020-05-27,295.6545112957
2020-05-28,295.0720364745
2020-05-29,296.2661098579
2020-06-01,297.7222969107
2020-06-02,300.1978149005
2020-06-03,304.2363069937
2020-06-04,303.2169760568
2020-06-05,311.1192177969
2020-06-08,314.9247199616
2020-06-09,312.6045285908
2020-06-10,310.7600249905
2020-06-11,292.7809688447
2020-06-12,296.4408523042
2020-06-15,299.1502086941
2020-06-16,304.9014102038
2020-06-17,303.526970521
2020-06-18,303.760917701
2020-06-19,301.9088358589
2020-06-22,304.0728472744
2020-06-23,305.3108177689
2020-06-24,297.6003086263
2020-06-25,300.7196043603
2020-06-26,293.545224172
2020-06-29,297.9512293964
2020-06-30,301.8795924614
2020-07-01,303.9461258852
2020-07-02,305.5447649489
2020-07-06,310.2334563492
2020-07-07,307.0361782218
2020-07-08,309.3269110265
2020-07-09,307.7575153603
2020-07-10,310.857315496
2020-07-13,308.0986883312
2020-07-14,312.0952859904
2020-07-15,315.0098779419
2020-07-16,313.918124435
2020-07-17,314.8441653561
2020-07-20,317.4468277341
2020-07-21,318.0219478851
2020-07-22,319.8935253255
2020-07-23,316.0236490555
2020-07-24,314.0058546275
2020-07-27,316.3160830306
2020-07-28,314.3665231968
2020-07-29,318.1486692743
2020-07-30,317.0569157674
2020-07-31,319.5523523546
2020-08-03,321.7845983643
2020-08-04,322.9445864654
2020-08-05,325.0403632867
2020-08-06,327.2433658989
2020-08-07,327.4773130789
2020-08-10,328.461840795
2020-08-11,325.7129614294
2020-08-12,330.2554358421
2020-08-13,329.6900634903
2020-08-14,329.6608200928
2020-08-17,330.7233302022
2020-08-18,331.4251717423
2020-08-19,330.079975457
2020-08-20,331.0937465706
2020-08-21,332.2537346717
2020-08-24,335.6654643808
2020-08-25,336.7767134861
2020-08-26,340.1981909943
2020-08-27,340.9390237312
2020-08-28,343.122530745
2020-08-31,341.9235514472
2020-09-01,345.1305773738
2020-09-02,350.1799373433
2020-09-03,338.0731707755
2020-09-04,335.3047958116
2020-09-08,326.1906035886
2020-09-09,332.5754120443
2020-09-10,326.7657237396
2020-09-11,326.9216885263
2020-09-14,331.2692069556
2020-09-15,332.9555762119
2020-09-16,331.6298755249
2020-09-17,328.7835181676
2020-09-18,324.9331374959
2020-09-21,321.3167040042
2020-09-22,324.5724689266
2020-09-23,317.0528255909
2020-09-24,317.8852422758
2020-09-25,323.05601886
2020-09-28,328.4226581935
2020-09-29,326.6109277616
2020-09-30,329.1081778164
2020-10-01,331.2430817849
2020-10-02,328.1190709319
2020-10-05,333.8480563519
2020-10-06,329.1081778164
2020-10-07,334.8273700989
2020-10-08,337.8436564396
2020-10-09,340.8109770931
2020-10-12,346.373479176
2020-10-13,344.1210575579
2020-10-14,341.9665673145
2020-10-15,341.5454624033
2020-10-16,341.2418751417
2020-10-19,336.1200642449
2020-10-20,337.4421378034
2020-10-21,336.7859975929
2020-10-22,338.705452537
2020-10-23,339.7826976587
2020-10-26,333.5444690903
2020-10-27,332.4084651438
2020-10-28,321.097391366
2020-10-29,324.2997473187
2020-10-30,320.8427697917
2020-11-02,324.5054032055
2020-11-03,330.3029405878
2020-11-04,337.5988280029
2020-11-05,344.1994026577
2020-11-06,344.1700232453
2020-11-09,348.4692105946
2020-11-10,348.018726271
2020-11-11,350.5257694633
2020-11-12,347.186309586
2020-11-13,351.9066018465
2020-11-16,356.2743411582
2020-11-17,354.4626107262
2020-11-18,350.1928027893
2020-11-19,351.6128077224
2020-11-20,349.2526615922
2020-11-23,351.3483930108
2020-11-24,356.9696539185
2020-11-25,356.4604107701
2020-11-27,357.4299313796
2020-11-30,355.8042705596
2020-12-01,359.7215255476
2020-12-02,360.4853902703
2020-12-03,360.416838308
2020-12-04,363.5114697485
2020-12-07,362.8357432631
2020-12-08,363.8444364225
2020-12-09,360.6616667447
2020-12-10,360.4658039953
2020-12-11,360.0153196717
2020-12-14,358.3898762593
2020-12-15,363.2687394026
2020-12-16,363.8490880426
2020-12-17,365.8753900739
2020-12-18,364.4294366826
2020-12-21,363.2293937321
2020-12-22,362.5310080805
2020-12-23,362.8457734446
2020-12-24,364.2523811653
2020-12-28,367.4197076414
2020-12-29,366.7114855722
2020-12-30,367.193470036
2020-12-31,369.2492813201
2021-01-04,364.1638534067
2021-01-05,366.5737757254
2021-01-06,368.7869696916
2021-01-07,374.2461814749
2021-01-08,376.3806841001
2021-01-11,373.9215796932
2021-01-12,373.980598199
2021-01-13,374.9248942912
2021-01-14,373.6264871644
2021-01-15,370.9313087344
2021-01-19,373.8330519346
2021-01-20,378.9774983538
2021-01-21,379.3119365531
2021-01-22,378.0233658439
2021-01-25,379.5283377409
2021-01-26,378.9676619361
2021-01-27,369.7214293663
2021-01-28,372.8494101718
2021-01-29,365.4425876983
2021-02-01,371.4231296158
2021-02-02,376.6954494642
2021-02-03,376.990541993
2021-02-04,381.2595472434
2021-02-05,382.7546827227
2021-02-08,385.6367530876
2021-02-09,385.3121513059
2021-02-10,385.1547686239
2021-02-11,385.8039721873
2021-02-12,387.7319100423
2021-02-16,387.4269810958
2021-02-17,387.476163184
2021-02-18,385.8334814402
2021-02-19,385.1055865357
2021-02-22,382.1743340827
2021-02-23,382.5776272054
2021-02-24,386.7777775324
2021-02-25,377.5020357096
2021-02-26,375.5249157665
2021-03-01,384.6334384896
2021-03-02,381.6726767837
2021-03-03,376.5774124526
2021-03-04,371.9149504972
2021-03-05,378.7709335836
2021-03-08,376.9216870696
2021-03-09,382.2333525885
2021-03-10,384.5744199838
2021-03-11,388.5286598701
2021-03-12,389.138517763
2021-03-15,391.4992579936
2021-03-16,390.9484186065
2021-03-17,392.2271528981
2021-03-18,386.5023578388
2021-03-19,385.784299352
2021-03-22,388.8335888166
2021-03-23,385.8039721873
2021-03-24,383.8268522441
2021-03-25,386.011619947
2021-03-26,392.2589444364
2021-03-29,392.0615566168
2021-03-30,391.0943563009
2021-03-31,392.6241119026
2021-04-01,396.8284724594
2021-04-05,402.5231110539
2021-04-06,402.2763762794
2021-04-07,402.7797152193
2021-04-08,404.6548995052
2021-04-09,407.5861086258
2021-04-12,407.7538882724
2021-04-13,408.9480845808
2021-04-14,407.5861086258
2021-04-15,411.9681182202
2021-04-16,413.418918694
2021-04-19,411.3956935435
2021-04-20,408.405268077
2021-04-21,412.2247223857
2021-04-22,408.5631783327
2021-04-23,412.8464940173
2021-04-26,413.7742167693
2021-04-27,413.6459146865
2021-04-28,413.4880044309
2021-04-29,416.1033930402
2021-04-30,413.4090493031
2021-05-03,414.2972944911
2021-05-04,411.7805997916
2021-05-05,411.8398161375
2021-05-06,415.1855396792
2021-05-07,418.1957039276
2021-05-10,414.1295148445
2021-05-11,410.4383626186
2021-05-12,401.6644740388
2021-05-13,406.4313898813
2021-05-14,412.7083225436
2021-05-17,411.7213834458
2021-05-18,408.1782720845
2021-05-19,407.0729002949
2021-05-20,411.3759547615
2021-05-21,411.139089378
2021-05-24,415.274364198
2021-05-25,414.3762496189
2021-05-26,415.1361927243
2021-05-27,415.3533193258
2021-05-28,416.1428706041
2021-06-01,415.8171807018
2021-06-02,416.5080380703
2021-06-03,414.9190661228
2021-06-04,418.6990428675
2021-06-07,418.3437447923
2021-06-08,418.3634835742
2021-06-09,417.6923649877
2021-06-10,419.7105310884
2021-06-11,420.4033840546
2021-06-14,421.4129698052
2021-06-15,420.5914441454
2021-06-16,418.2654377591
2021-06-17,418.1367650654
2021-06-18,412.5147581401
2021-06-21,418.3347230557
2021-06-22,420.3242008585
2021-06-23,420.0767533705
2021-06-24,422.5116366516
2021-06-25,424.0656068756
2021-06-28,424.9663157316
2021-06-29,425.1543758224
2021-06-30,425.530496004
2021-07-01,427.9356855865
2021-07-02,431.1920945273
2021-07-06,430.093427681
2021-07-07,431.8552537949
2021-07-08,428.3909889642
2021-07-09,432.9440227417
2021-07-12,434.5474824634
2021-07-13,433.0232059378
2021-07-14,433.5972841098
2021-07-15,432.1125991823
2021-07-16,428.846292342
2021-07-19,422.4423513549
2021-07-20,428.5691511555
2021-07-21,432.0433138857
2021-07-22,432.9836143398
2021-07-23,437.2496090313
2021-07-26,438.4175611742
2021-07-27,436.4181854719
2021-07-28,436.1806358835
2021-07-29,438.1206241887
2021-07-30,435.9034946971
2021-08-02,435.0225816401
2021-08-03,438.4967443704
2021-08-04,436.4082875724
2021-08-05,439.1203120399
2021-08-06,439.8824503026
2021-08-09,439.5756154176
2021-08-10,440.0903061925
2021-08-11,441.1295856417
2021-08-12,442.1589671914
2021-08-13,443.2774298367
2021-08-16,444.4156882811
2021-08-17,441.3968289286
2021-08-18,436.6359392613
2021-08-19,437.2793027298
2021-08-20,440.7633633596
2021-08-23,444.6037483719
2021-08-24,445.3757845342
2021-08-25,446.3061870887
2021-08-26,443.6733458174
2021-08-27,447.5731182268
2021-08-30,449.5625960296
2021-08-31,449.0775989533
2021-09-01,449.2755569436
2021-09-02,450.6216712778
2021-09-03,450.4237132875
2021-09-07,448.9687220586
2021-09-08,448.3748480876
2021-09-09,446.3754723853
2021-09-10,442.9705949517
2021-09-13,443.9999765014
2021-09-14,441.634378517
2021-09-15,445.3064992376
2021-09-16,444.4750756782
2021-09-17,440.1892851876
2021-09-20,432.7658605504
2021-09-21,432.5184130625
2021-09-22,436.784407754
2021-09-23,442.0203965981
2021-09-24,442.86457855
2021-09-27,441.4736098015
2021-09-28,432.6608292304
2021-09-29,433.40599106
2021-09-30,428.0408258871
2021-10-01,433.1377328013
2021-10-04,427.5142448609
2021-10-05,431.9951513293
2021-10-06,433.8332171756
2021-10-07,437.4298649397
2021-10-08,436.7840580207
2021-10-11,433.5252169527
2021-10-12,432.432312936
2021-10-13,433.9723140505
2021-10-14,441.404061364
2021-10-15,444.7920638158
2021-10-18,446.0836776537
2021-10-19,449.5909059982
2021-10-20,451.3196814428
2021-10-21,452.492069388
2021-10-22,451.9456173797
2021-10-25,454.3102642522
2021-10-26,454.8269097874
2021-10-27,452.8000696109
2021-10-28,457.1518146956
2021-10-29,458.0162024179
2021-11-01,458.9600740687
2021-11-02,460.7683334418
2021-11-03,463.5999483942
2021-11-04,465.7261434812
2021-11-05,467.3654995063
2021-11-08,467.8523385682
2021-11-09,466.2229180342
2021-11-10,462.5368508506
2021-11-11,462.7256251808
2021-11-12,466.1334986147
2021-11-15,466.2527245074
2021-11-16,468.1106613358
2021-11-17,467.0078218281
2021-11-18,468.5478229425
2021-11-19,467.7827901308
2021-11-22,466.3818858912
2021-11-23,467.0276928102
2021-11-24,468.2398227196
2021-11-26,457.6485892487
2021-11-29,463.4906579925
2021-11-30,454.6778774214
2021-12-01,449.3723251949
2021-12-02,456.2973624644
2021-12-03,452.2039401473
2021-12-06,457.6485892487
2021-12-07,467.156854194
2021-12-08,468.3888550855
2021-12-09,465.2293689281
2021-12-10,469.6904044145
2021-12-13,465.5456990667
2021-12-14,462.2564687438
2021-12-15,469.5226775481
2021-12-16,465.2167760345
2021-12-17,460.6018862178
2021-12-20,455.4288239827
2021-12-21,463.5422587792
2021-12-22,468.2169527835
2021-12-23,471.0875537926
2021-12-27,477.8354596369
2021-12-28,477.4666671461
2021-12-29,477.9650353769
2021-12-30,476.6194411539
2021-12-31,475.4333247647
2022-01-03,478.2740236799
2022-01-04,478.1145458461
2022-01-05,468.7950599312
2022-01-06,468.4462021697
2022-01-07,466.5723376221
2022-01-10,465.695209536
2022-01-11,470.2901646234
2022-01-12,471.5360852003
2022-01-13,465.0672655652
2022-01-14,465.2267433991
2022-01-18,457.0036675918
2022-01-19,452.2791367644
2022-01-20,447.2555849985
2022-01-21,438.5441083251
2022-01-24,440.0790824758
2022-01-25,435.0156612514
2022-01-26,434.0089574253
2022-01-27,431.7463656577
2022-01-28,442.3018047849
2022-01-31,450.295631206
2022-02-01,453.4054489658
2022-02-02,457.7611873025
2022-02-03,447.1359766231
2022-02-04,449.3786336614
2022-02-07,447.783855323
2022-02-08,451.3422044906
2022-02-09,458.0004040533
2022-02-10,449.906903986
2022-02-11,440.9063737388
2022-02-14,439.4710732342
2022-02-15,446.5379347462
2022-02-16,447.0462703415
2022-02-17,437.666980239
2022-02-18,434.6468687606
2022-02-22,429.9323052978
2022-02-23,422.0979567105
2022-02-24,428.736221544
2022-02-25,438.1753158343
2022-02-28,437.2882203836
2022-03-01,430.5104124455
2022-03-02,438.364695762
2022-03-03,436.2615818283
2022-03-04,432.5337874623
2022-03-07,419.8253975783
2022-03-08,416.6956450893
2022-03-09,427.908930281
2022-03-10,425.9453594519
2022-03-11,420.6327541121
2022-03-14,417.4531648
2022-03-15,426.6430749749
2022-03-16,436.0921366298
2022-03-17,441.5143829803
2022-03-18,446.2389138077
2022-03-21,446.1492075262
2022-03-22,451.5913886059
2022-03-23,445.9299255047
2022-03-24,452.36
2022-03-25,454.64
2022-03-28,457.83
2022-03-29,463.67
2022-03-30,460.79
2022-03-31,453.69
2022-04-01,454.79
2022-04-04,458.8
2022-04-05,452.89
2022-04-06,448.49
